"variable","mean","median","sd","mad","q5","q95","q2.75","q97.5"
"lp__",-5412.984665,-5412.18,24.103537880825,23.536275,-5453.941,-5374.95,-5461.54055,-5368.15
"skills[1]",1.000000744,1,0.000100408271169455,0.000103781999999857,0.999836,1.00017,0.999806,1.0002
"skills[2]",1.33570782314133,1.290335,0.726031081120296,0.7688200212,0.22402125,2.61248,0.120097105,2.8281225
"skills[3]",1.284145287175,1.21818,0.723527452959033,0.7615285944,0.2214651,2.5653375,0.13530526,2.8257565
"skills[4]",1.33047719883,1.290865,0.698452737356959,0.709179471,0.2357561,2.545295,0.1356147925,2.771629
"skills[5]",1.4916343470255,1.46146,0.772349796862739,0.8055329037,0.2409588,2.8190225,0.120737145,3.0646065
"skills[6]",1.41551937617275,1.381925,0.740464058238622,0.7815481422,0.26109045,2.6568815,0.14810247,2.94129925
"skills[7]",1.3544497448375,1.31837,0.702641879132447,0.7231203588,0.25826835,2.5980175,0.16069317,2.8610665
"skills[8]",1.28143278577,1.20658,0.753639544506718,0.8144848425,0.17535775,2.633993,0.1012909825,2.90434975
"skills[9]",1.63073790058,1.602285,0.743066604735734,0.756037044,0.45686785,2.901417,0.3222859225,3.1785045
"skills[10]",1.52578336487,1.490105,0.752085134187877,0.7818476274,0.34375455,2.8291005,0.222655995,3.0682815
"skills[11]",1.6955001692,1.672445,0.765386824132329,0.791523075,0.46968435,3.012079,0.3294371075,3.2618205
"skills[12]",1.330422679905,1.277135,0.7619918250833,0.7982459247,0.1976572,2.7002165,0.11490439,2.9855275
"skills[13]",1.397521047505,1.35261,0.738721101366063,0.781530351,0.26323925,2.6806615,0.1627882725,2.95507775
"skills[14]",1.54557594164125,1.516185,0.770480788320108,0.7981013712,0.31955915,2.870781,0.2065821575,3.1237465
"skills[15]",1.4050009711975,1.34897,0.751022286597861,0.7976877258,0.26814965,2.717379,0.1629324025,3.011805
"skills[16]",1.4871840382,1.46127,0.729459851128732,0.75657078,0.3342059,2.753392,0.2053382075,2.99643675
"skills[17]",1.2275872834675,1.174595,0.698426360058087,0.7301501067,0.18039195,2.489574,0.1105876725,2.77550225
"skills[18]",1.6550230294575,1.61227,0.788383412766387,0.810500355,0.42769655,3.0168065,0.26838759,3.3702395
"skills[19]",1.21429838025375,1.13969,0.705330048041346,0.7393437093,0.17653195,2.4554035,0.0995588495,2.72689125
"skills[20]",1.1023438442125,1.02404,0.694580341157696,0.7321916469,0.1413642,2.387987,0.07971192525,2.6292055
"skills[21]",1.0793293822995,0.99456,0.680978831423538,0.7267215942,0.1308361,2.334279,0.071819921,2.58199825
"skills[22]",1.416831148403,1.388585,0.732529790947507,0.7629793185,0.27902075,2.693123,0.1655581275,2.92975525
"skills[23]",1.31663516866525,1.281595,0.702336362051119,0.722359785,0.22399085,2.569475,0.129261455,2.80960625
"skills[24]",1.492974451317,1.46569,0.731898236816019,0.7652691942,0.35081925,2.737241,0.20831683,3.0391715
"skills[25]",1.23144011449695,1.158875,0.743764473088452,0.768898599,0.15192535,2.5559325,0.085631015,2.8546475
"skills[26]",1.584246845937,1.54184,0.767449899562135,0.797483127,0.36593915,2.8917295,0.226139615,3.13727
"skills[27]",1.15228787746,1.08923,0.664863417228654,0.6815875437,0.18451475,2.3404505,0.0971710965,2.5915305
"skills[28]",1.1687177569125,1.09444,0.698885586258711,0.7427040222,0.1699199,2.4196315,0.09813596675,2.67261025
"skills[29]",1.51890311572163,1.486415,0.746632598008963,0.773820831,0.34387055,2.814757,0.2124069225,3.08195925
"skills[30]",1.23677785470075,1.18607,0.704819583590708,0.7326075162,0.1718959,2.481361,0.1043528425,2.71791375
"skills[31]",1.39198132188,1.346585,0.732710177142893,0.7507953117,0.2441194,2.6953685,0.1349141175,2.94822275
"skills[32]",1.3437011386025,1.298915,0.708018694008223,0.7293806373,0.2510614,2.5503585,0.159056525,2.818523
"skills[33]",1.33078162098725,1.28083,0.72941652925174,0.7602216825,0.21233815,2.639014,0.120567785,2.850595
"skills[34]",1.44236782479325,1.41045,0.745095698665917,0.7822471881,0.2816337,2.746644,0.15412831,2.9540335
"skills[35]",1.29288737963,1.25711,0.697126450554856,0.7323139614,0.2218814,2.5122845,0.125545125,2.7560425
"skills[36]",1.22909932386708,1.16382,0.691378301232423,0.7276667517,0.2081268,2.4473805,0.1287563575,2.725373
"skills[37]",1.2407196864015,1.17412,0.713026749650606,0.739995312,0.19471185,2.534198,0.1051453675,2.80311075
"skills[38]",1.2631504209775,1.219255,0.708448092000143,0.756622671,0.21414665,2.5085935,0.1236448375,2.782842
"skills[39]",1.216006234085,1.136095,0.75326371704643,0.7971450942,0.15254845,2.5760395,0.09320719325,2.84275625
"skills[40]",1.2530311097975,1.201995,0.680266812642123,0.7033699029,0.21749745,2.4389585,0.149525965,2.672834
"skills[41]",1.1418399186395,1.06903,0.695439659134345,0.7332858057,0.1479297,2.4115195,0.0856700515,2.65994075
"skills[42]",1.5227545118775,1.48966,0.734296478805886,0.782642301,0.3795914,2.7771445,0.246436385,3.005432
"skills[43]",1.378256683375,1.33145,0.701354009171707,0.7405564761,0.3061337,2.5993795,0.1955125925,2.83743425
"skills[44]",1.22913407338,1.13626,0.748263570851928,0.7819180509,0.142683,2.5691575,0.08223352575,2.86532625
"skills[45]",1.24876462026805,1.20173,0.690358813388024,0.7323873501,0.1773439,2.4342,0.0950147745,2.700085
"skills[46]",1.420095983145,1.37971,0.733814487062648,0.770996478,0.2854002,2.6816775,0.1727052975,2.98506225
"skills[47]",1.19942960321125,1.130045,0.715706801399693,0.7478946048,0.16572035,2.48716,0.1014696625,2.7603365
"skills[48]",1.38110761403,1.342105,0.737570037523711,0.7751840817,0.2465635,2.668673,0.13548419,2.95528525
"skills[49]",1.39690681615,1.339335,0.757084365254803,0.7961428566,0.2352925,2.7497135,0.1414997125,3.0132205
"skills[50]",1.7733247588,1.757025,0.761538953613597,0.773168487,0.53870615,3.0613495,0.376714855,3.297088
"skills[51]",1.28558937044,1.231875,0.687398163235063,0.7226540811,0.2237323,2.4760475,0.1319410575,2.6981825
"skills[52]",1.5678033924475,1.52048,0.794885758639863,0.8388098607,0.317977,2.9366825,0.1859666,3.19009325
"skills[53]",1.301546868845,1.2258,0.737521779450892,0.7776874518,0.20218005,2.614772,0.115209745,2.8496005
"skills[54]",1.24321389347725,1.16542,0.745419135556852,0.7730142966,0.16447385,2.606429,0.09366364525,2.8517235
"skills[55]",1.40897109615,1.36186,0.732920146819599,0.7800092034,0.2933957,2.706337,0.1887994025,2.94427325
"skills[56]",1.6820790179875,1.66351,0.748669909853902,0.738890775,0.4472521,2.9580315,0.282813235,3.218351
"skills[57]",1.3174403558425,1.27624,0.691095193739188,0.726659325,0.25736595,2.5398615,0.1595221375,2.76113075
"skills[58]",1.526733911985,1.513165,0.724474685627951,0.736792896,0.34679095,2.757817,0.1948613625,2.9932225
"skills[59]",1.0025195261675,0.9350215,0.619355372553317,0.6384335055,0.1273552,2.12833,0.07685718275,2.36776175
"skills[60]",1.24778880656925,1.192985,0.689045343913731,0.726748281,0.21565265,2.449093,0.1287625025,2.71582575
"skills[61]",1.31004307142925,1.25017,0.746269683965539,0.7926846921,0.19616035,2.6513285,0.11890934,2.93001025
"skills[62]",1.3796906485635,1.321615,0.767796831848285,0.8103261495,0.2361477,2.7521395,0.146879965,3.0388765
"skills[63]",1.34869010655625,1.297695,0.756884914027518,0.8004090381,0.21197225,2.692248,0.1265970925,2.98112375
"skills[64]",1.48728600404,1.442685,0.763660000705004,0.80238312,0.2911602,2.8143075,0.1669859775,3.071726
"skills[65]",1.27565976208,1.222945,0.71731819668833,0.7517664147,0.2060934,2.5436545,0.1270298275,2.8346225
"skills[66]",1.3395831696075,1.295295,0.734697943898487,0.76487334,0.22941935,2.668023,0.132700495,2.887667
"skills[67]",1.2284927101475,1.163045,0.730057436949667,0.7706525148,0.161897,2.573978,0.09769363375,2.82776975
"skills[68]",1.4072176995325,1.36292,0.717488900724,0.7623395766,0.2919796,2.6490175,0.20123795,2.89162125
"skills[69]",1.2952118241925,1.22841,0.749259312110617,0.786793581,0.18118345,2.6199045,0.09651526,2.911999
"skills[70]",1.2053156377975,1.1242,0.710720856837099,0.7561437912,0.1692717,2.454482,0.1009923025,2.73206675
"skills[71]",1.2859015982775,1.228065,0.745281905410059,0.801745602,0.18528265,2.61901,0.11383077,2.916053
"skills[72]",1.341560043145,1.27404,0.711167869906972,0.7427470176,0.2765066,2.58709,0.1891978825,2.8729615
"skills[73]",1.2024788772625,1.11439,0.748432315029662,0.7840678209,0.15062655,2.5716245,0.08410817075,2.836406
"skills[74]",1.465136602755,1.42121,0.771113990245636,0.8185931271,0.2925524,2.8189525,0.192809,3.060033
"skills[75]",1.2250550295225,1.18393,0.679216242327589,0.7146102348,0.1864054,2.4052735,0.1246769725,2.66962375
"skills[76]",1.33367738626525,1.30233,0.717395095929934,0.7475254374,0.21732565,2.5945035,0.122761735,2.84155775
"skills[77]",1.324825547375,1.27597,0.692552857669014,0.7291330431,0.27040745,2.54386,0.1686466875,2.7559725
"skills[78]",1.27629517832775,1.238385,0.699348941283033,0.7512193353,0.22427695,2.512384,0.1403011275,2.7461165
"skills[79]",1.5848673189825,1.563135,0.756690181424005,0.809440296,0.35791155,2.868769,0.2280007875,3.09926275
"skills[80]",1.3658793086575,1.312065,0.718895827765003,0.7492193079,0.2698226,2.635365,0.1586136425,2.88269525
"skills[81]",1.399492996255,1.377935,0.712892079278968,0.7505484588,0.29019015,2.6089085,0.169141335,2.8645565
"skills[82]",1.23352619027725,1.18341,0.679240083182266,0.7070082033,0.2275559,2.4318055,0.1451618475,2.69854475
"skills[83]",1.374746491695,1.34379,0.71320557327988,0.7461977691,0.2531117,2.5965775,0.1438928525,2.85211875
"skills[84]",1.51812573137,1.485345,0.739947920938715,0.7822034514,0.3533343,2.797519,0.210613315,3.0264475
"skills[85]",1.1930296483275,1.13207,0.690026740094274,0.7302279432,0.171067,2.405898,0.1039528475,2.66565475
"skills[86]",1.2886610777145,1.20374,0.771060547366856,0.814236507,0.1617088,2.6571705,0.09137031075,2.89341375
"skills[87]",1.06850948298775,1.006485,0.630095445750663,0.6726244854,0.13919145,2.1721795,0.079656633,2.431454
"skills[88]",1.480606107705,1.44343,0.768385423907851,0.811397328,0.3024966,2.8098185,0.198492945,3.069487
"skills[89]",1.35636325768188,1.290465,0.793578530873776,0.8292574689,0.17181375,2.7778485,0.0925478265,3.05796725
"skills[90]",1.1177121793125,1.054105,0.679963224861545,0.72639987,0.1405926,2.3506385,0.08808470075,2.602562
"skills[91]",1.247930382645,1.182255,0.720799976616295,0.748764891,0.18871595,2.5454025,0.104197425,2.8254285
"skills[92]",1.31595565678,1.261285,0.74202682597675,0.790959687,0.18975315,2.6158075,0.099916981,2.87045275
"skills[93]",1.29393764965425,1.261035,0.691318899863774,0.7320463521,0.23078955,2.472899,0.1449887925,2.759394
"skills[94]",1.3037158829975,1.250995,0.771096334401351,0.8269008762,0.18342755,2.6980655,0.115538855,2.98323475
"skills[95]",1.467870832656,1.431845,0.744967858577425,0.7893799767,0.30262375,2.74371,0.1926863775,2.976351
"skills[96]",1.39251713578875,1.35154,0.720130552929968,0.756014805,0.2675736,2.6316455,0.162971945,2.87868875
"skills[97]",1.20186582013225,1.1527,0.683429421224376,0.7218564423,0.176233,2.399944,0.09946088775,2.6838075
"skills[98]",1.26892411189025,1.21891,0.726679740080979,0.7775488287,0.18173235,2.5594125,0.11614713,2.84734425
"skills[99]",1.4094148630025,1.37214,0.70360663552889,0.7458493581,0.29609305,2.602225,0.1827812475,2.8478875
"skills[100]",1.6617005515575,1.64809,0.751123480517625,0.789380718,0.4539902,2.9381285,0.27773877,3.1848225
"skills[101]",1.448294923704,1.436795,0.729892876333459,0.768609492,0.28529505,2.6872145,0.18695225,2.92111475
"skills[102]",1.3863582815625,1.34036,0.708005554365766,0.7282849959,0.2733826,2.615551,0.172622535,2.84144
"skills[103]",1.464417092325,1.447775,0.743222659162914,0.784755006,0.29518975,2.736371,0.1763121075,2.95651925
"skills[104]",1.20613448107861,1.168045,0.691010267191658,0.7372406412,0.1719936,2.4330815,0.09066687725,2.7400115
"skills[105]",1.47729512138,1.43125,0.757545707162914,0.806578878,0.3231234,2.7950375,0.18590336,3.07088
"skills[106]",1.42029593016,1.36366,0.752397746270673,0.8000168904,0.2657145,2.710585,0.159033275,2.98103725
"skills[107]",1.282110463085,1.231225,0.703681587072273,0.742322994,0.2184876,2.5272945,0.133654955,2.7503705
"skills[108]",1.57515974645,1.5527,0.736952160323052,0.755125245,0.38800965,2.822155,0.27554616,3.115999
"skills[109]",1.1894178780475,1.123205,0.706614922520973,0.7463193423,0.1528762,2.4603545,0.09672785775,2.697158
"skills[110]",1.5214275361075,1.486725,0.751773420095742,0.773072118,0.3146605,2.836736,0.1994017,3.08203625
"skills[111]",1.4401167577225,1.38978,0.751936077744953,0.803450592,0.28028755,2.7411385,0.18144737,3.02121575
"skills[112]",1.258226522575,1.20164,0.6887346591887,0.7415431464,0.21723635,2.4470745,0.12521315,2.7088
"skills[113]",1.184303648555,1.10386,0.709496975176497,0.7431258219,0.1789979,2.439556,0.1009534925,2.74011425
"skills[114]",1.4962842879225,1.4512,0.771664251903982,0.811441806,0.3070881,2.854941,0.2081456125,3.1045265
"skills[115]",1.11659505509125,1.050395,0.678617552435409,0.7115027052,0.14007145,2.3285915,0.088178627,2.618374
"skills[116]",1.257932274811,1.176865,0.766369108579373,0.8080473933,0.15958475,2.661904,0.1025499075,2.94854925
"skills[117]",1.6103779432975,1.58188,0.766029892981881,0.794955294,0.38444205,2.9455545,0.230613855,3.16991525
"skills[118]",1.277258733925,1.24116,0.691624895233845,0.7269958752,0.2226748,2.520103,0.1389583025,2.7732335
"skills[119]",1.2702448971975,1.214145,0.696117980850547,0.727252365,0.2104269,2.525106,0.1216368,2.7733305
"skills[120]",1.515418021325,1.498125,0.744389366910964,0.7671602505,0.3282653,2.8102315,0.2042635575,3.014712
"skills[121]",1.34545851221565,1.26751,0.797065557535626,0.8287133547,0.1792022,2.8023765,0.112187675,3.138308
"skills[122]",1.4872780168525,1.45644,0.780791952065648,0.83603814,0.27356105,2.853555,0.1759195825,3.0819635
"skills[123]",1.320330522065,1.26039,0.744500182729836,0.7991688432,0.21046435,2.6243895,0.140344135,2.9124525
"skills[124]",1.4807002253792,1.443335,0.781040803837499,0.8473629801,0.25009745,2.7805345,0.1309938425,2.99910475
"skills[125]",1.2747337470825,1.22986,0.70406003630505,0.741959757,0.2140853,2.513797,0.1148813225,2.7478335
"skills[126]",1.3036468135775,1.26523,0.703389618230647,0.73618503,0.2178762,2.5437455,0.134711915,2.808137
"skills[127]",1.3829038605,1.3449,0.721149748378021,0.7476092043,0.2713725,2.634309,0.181595015,2.9107155
"skills[128]",1.413703252405,1.360345,0.727057526626637,0.7797675396,0.29133875,2.6931535,0.1889328125,2.91536775
"skills[129]",1.26277255252525,1.20297,0.720813752272605,0.771381954,0.192273,2.550459,0.1099345875,2.7892025
"skills[130]",1.30858678528475,1.21445,0.778987405144382,0.8098843347,0.1889354,2.693796,0.110565135,2.992698
"skills[131]",1.26270319275,1.20343,0.720784089041103,0.7804725159,0.1819287,2.522714,0.0946278615,2.75702875
"skills[132]",1.27138103812,1.240335,0.661154922375496,0.690276321,0.26921105,2.4291155,0.15892871,2.6511475
"skills[133]",1.576432953825,1.543305,0.786604122063352,0.8253026334,0.31425055,2.9343425,0.199823645,3.165585
"skills[134]",1.57545659561,1.543955,0.742472928902558,0.78229389,0.40588245,2.8603735,0.2792645375,3.0697335
"skills[135]",1.391173357025,1.35398,0.741480345481717,0.792479352,0.2595379,2.6801755,0.1661485475,2.92877475
"skills[136]",1.2532576203025,1.206125,0.696036411288655,0.7129371207,0.19860765,2.4950435,0.1290052975,2.77703
"skills[137]",1.3292038508925,1.280425,0.73785322320031,0.7688333646,0.19228425,2.64233,0.130796515,2.888514
"skills[138]",1.2496094984975,1.203955,0.695793802603532,0.7434089985,0.2097051,2.47495,0.1246621275,2.71888275
"skills[139]",1.1919916935325,1.125085,0.720515888220612,0.7551222798,0.15590415,2.4868875,0.07744684225,2.72513875
"skills[140]",1.35209870115,1.30497,0.712427899581893,0.7461488433,0.2649895,2.6241595,0.1769983875,2.82785525
"skills[141]",1.32389585105675,1.2595,0.741082483921492,0.7872316893,0.2175234,2.604706,0.1189083175,2.89634325
"skills[142]",1.1041848721175,1.06024,0.663263018546664,0.712678407,0.13997535,2.2760245,0.0855088925,2.544273
"skills[143]",1.3550874069525,1.30713,0.728394250319253,0.769180293,0.23529475,2.625671,0.1542713975,2.846282
"skills[144]",1.196099219245,1.151485,0.665258639625542,0.7146784344,0.20361045,2.349446,0.1207623175,2.591716
"skills[145]",1.28811155600275,1.24413,0.709910528784046,0.750388338,0.21155865,2.5228805,0.12427671,2.79215325
"skills[146]",1.3351728032085,1.288155,0.730504366042778,0.743101359,0.2392288,2.641354,0.1557678175,2.90598175
"skills[147]",1.21903735687575,1.15342,0.68077824533973,0.719565084,0.2053549,2.4360025,0.1278856925,2.64805675
"skills[148]",1.3258835214725,1.237245,0.760219266997681,0.7885941987,0.19491915,2.67626,0.129702785,2.93367475
"skills[149]",1.3567237697875,1.32217,0.712905790866211,0.745651431,0.24925905,2.6082615,0.1377019425,2.8493225
"skills[150]",1.31943203916575,1.243905,0.759372682009313,0.8039183523,0.18320155,2.673309,0.1120322775,2.93797125
"skills[151]",1.37187924064375,1.311735,0.790261143194265,0.8511777099,0.2036511,2.764888,0.1124231575,3.0122745
"skills[152]",1.360993909184,1.29356,0.778809603924452,0.8259171711,0.2116559,2.7598265,0.1244750875,3.04447
"skills[153]",1.3450413024975,1.283255,0.734066689355258,0.7656680136,0.2603354,2.6351875,0.1756531225,2.8987595
"skills[154]",1.41875705333575,1.384545,0.757405036081859,0.7869625974,0.24407465,2.7518,0.1439313425,2.96930825
"skills[155]",1.4190341621675,1.360785,0.738698615969616,0.777052899,0.28988485,2.727131,0.1810406,2.9667915
"skills[156]",1.2915391682275,1.236135,0.735629329590846,0.793020501,0.1952448,2.6108755,0.1032082375,2.851492
"skills[157]",1.5668017973045,1.503815,0.805696908644657,0.835452513,0.328881,2.977357,0.19882438,3.26078275
"skills[158]",1.38155942475,1.33104,0.737870737616659,0.7744539012,0.260346,2.667726,0.1670687075,2.928739
"skills[159]",1.09812512585985,1.031,0.665689537656564,0.7063936656,0.14532035,2.2999805,0.07681234625,2.56090075
"skills[160]",1.292591310975,1.21723,0.723008712923057,0.750996204,0.20575895,2.576961,0.122191585,2.79633675
"skills[161]",1.39051905169,1.34506,0.729790712468372,0.7674856812,0.25826335,2.6732995,0.1484196025,2.92088
"skills[162]",1.51489490562275,1.481215,0.743631247843148,0.7540777881,0.3631405,2.80962,0.23326895,3.07615675
"skills[163]",1.49057464475,1.45418,0.740402847270943,0.7764783915,0.3202104,2.768147,0.2280405325,3.02431575
"skills[164]",1.38109587861,1.345475,0.735005895620187,0.765110556,0.24422925,2.6531915,0.146795195,2.95840575
"skills[165]",1.4167837993575,1.387395,0.733225158512084,0.786304323,0.27032205,2.667103,0.162662825,2.916644
"skills[166]",1.425138452375,1.370295,0.718924063929831,0.7303517403,0.3000748,2.69104,0.190830215,2.9257025
"skills[167]",1.193190319285,1.13248,0.706604805583796,0.7523424048,0.1604757,2.473224,0.091898425,2.7106715
"skills[168]",1.4753604273525,1.42671,0.75940043474585,0.7749987567,0.27705555,2.7825615,0.170105245,3.066887
"skills[169]",1.4584488628225,1.433515,0.76118806880304,0.7812204876,0.2611947,2.7810345,0.16355433,3.08279175
"skills[170]",1.2610940782325,1.216695,0.675248154697286,0.7210825251,0.2348214,2.4285835,0.1419132,2.6826165
"skills[171]",1.3974375594275,1.348525,0.723372481745757,0.762464115,0.2914808,2.6457235,0.1870141475,2.94814275
"skills[172]",1.37556449727703,1.348715,0.744761482309965,0.7960212834,0.22522335,2.653487,0.132654735,2.960415
"skills[173]",1.5114731070325,1.47979,0.76845716835283,0.8131275222,0.3043359,2.824849,0.17233289,3.10783775
"skills[174]",1.5515043948775,1.52393,0.769963829789003,0.8140830579,0.2881651,2.848731,0.16826104,3.1028825
"skills[175]",1.38348344324725,1.32738,0.759070321303143,0.8024357523,0.2378809,2.743443,0.15081644,2.97709175
"skills[176]",1.0605114504525,0.9889445,0.652217777811985,0.6784651881,0.13315065,2.268331,0.08025979975,2.512223
"skills[177]",1.291921568645,1.242805,0.703140865843277,0.7434512526,0.2159468,2.5083695,0.12704656,2.77757775
"skills[178]",1.06209713353,0.9661155,0.663505190802109,0.6833295987,0.1445193,2.2779055,0.0810421755,2.537575
"skills[179]",1.1474563952175,1.088185,0.66803024346413,0.6901369566,0.15015955,2.353618,0.0845429365,2.59837425
"skills[180]",1.260554611785,1.202715,0.722097415576604,0.7536804513,0.17876425,2.5426685,0.104634305,2.81160375
"skills[181]",1.28358787242725,1.20271,0.764745789159015,0.8142505917,0.1697799,2.6467275,0.09877794125,2.9304555
"skills[182]",1.25821303662,1.1847,0.73199361800191,0.764443386,0.1804161,2.5840335,0.10319069,2.86169575
"skills[183]",1.373860177595,1.32776,0.730019967336023,0.7540733403,0.25317945,2.657578,0.1517921125,2.9174435
"skills[184]",1.1271784668525,1.088665,0.641367013336833,0.6744288096,0.17232785,2.2606935,0.087524807,2.48127375
"skills[185]",1.1738139487325,1.089705,0.715436021251059,0.7422948246,0.1711451,2.487529,0.09491268,2.759267
"skills[186]",1.4067756025675,1.35906,0.753820983657843,0.792827763,0.24617235,2.6988425,0.1380124,2.9881365
"skills[187]",1.41996139151,1.370055,0.71678957705608,0.742300755,0.3295429,2.6676185,0.2043216875,2.94325875
"skills[188]",1.230404279745,1.16188,0.741146483164164,0.7775851524,0.16578925,2.6072035,0.09862733275,2.85521025
"skills[189]",1.15787488815875,1.09601,0.682135482179509,0.7170231663,0.14219765,2.3395635,0.0873225885,2.60142375
"skills[190]",1.32797003029,1.28958,0.711794845419251,0.7532163975,0.2339414,2.5641055,0.131277575,2.82570725
"skills[191]",1.25784295531525,1.2157,0.68285487941711,0.724932096,0.2170328,2.4340845,0.122768905,2.687564
"skills[192]",1.3415257439975,1.279845,0.748773275183183,0.7920004722,0.2390159,2.669216,0.13414199,2.94042125
"skills[193]",1.30869907198,1.26589,0.712901212660733,0.7530043857,0.23567045,2.561987,0.1108993225,2.812458
"skills[194]",1.45196832109,1.41521,0.743655258953084,0.7988493429,0.2955032,2.7404225,0.1856822025,2.9914095
"skills[195]",1.24394532394725,1.141845,0.774792223097755,0.8265035394,0.16938865,2.6728005,0.1014283875,2.93634825
"skills[196]",1.214283006632,1.141845,0.714106267580236,0.759068961,0.16796905,2.52411,0.0975999155,2.77057725
"skills[197]",1.3129295531675,1.284635,0.71353193734792,0.742953099,0.21953945,2.5551995,0.125290845,2.786551
"skills[198]",1.1717849778725,1.098715,0.734750740074507,0.773124009,0.12539335,2.513345,0.06930440925,2.7878115
"skills[199]",1.073816442733,0.9928195,0.685254948013496,0.7304777613,0.10922915,2.308464,0.05227417675,2.56491575
"skills[200]",1.36367387465525,1.320085,0.722028977789475,0.7527612393,0.2385624,2.628008,0.133153285,2.86792725
"skills[201]",1.2538414217825,1.201235,0.684181313667701,0.722715609,0.2172119,2.4565485,0.1359621075,2.71278875
"skills[202]",1.2863085218,1.23105,0.707833515256466,0.7387736496,0.227715,2.5407515,0.133529335,2.7883
"skills[203]",1.25725275383,1.214815,0.686034599496227,0.7212834174,0.2221243,2.461233,0.1291875025,2.730744
"skills[204]",1.3097351187125,1.2589,0.734617958342979,0.7648355337,0.2133872,2.632433,0.134834985,2.87612925
"skills[205]",1.428134224825,1.385795,0.731946192424851,0.7696124709,0.30340445,2.691855,0.1819681625,2.93853575
"skills[206]",1.36498525550625,1.317245,0.705627358616797,0.7306482603,0.2785935,2.6068205,0.1722416125,2.84505075
"skills[207]",1.20093552325575,1.131605,0.722642923085531,0.7510362342,0.16149245,2.521623,0.0844737945,2.781081
"skills[208]",1.522562535775,1.487775,0.741166887616924,0.76405791,0.3539217,2.8054295,0.24345964,3.077335
"skills[209]",1.335896820108,1.305765,0.70356959908292,0.7327164873,0.2529922,2.55726,0.1642223075,2.81463225
"skills[210]",1.25683256665065,1.173235,0.754534934222048,0.7775466048,0.14663185,2.616334,0.07875715875,2.9206025
"skills[211]",1.31039928677825,1.257315,0.723354862929857,0.7433348685,0.22274855,2.5899985,0.1444213675,2.838045
"skills[212]",1.3033654686185,1.21756,0.793796949291213,0.8528945607,0.17936315,2.70634,0.11216234,3.02062125
"skills[213]",1.41898620522355,1.371455,0.779089869686489,0.820441188,0.24710085,2.792253,0.1519225975,3.03585325
"skills[214]",1.33831025095678,1.27677,0.779576532678387,0.821708811,0.19697865,2.765026,0.12728878,3.0443915
"skills[215]",1.47239579015,1.428665,0.74471192101585,0.7747704363,0.3027622,2.770876,0.1805978225,3.04640525
"skills[216]",1.4826724475625,1.45384,0.750554170356971,0.791767704,0.32764095,2.804766,0.1866886025,3.06145
"skills[217]",1.1080696264225,1.026305,0.680527674648798,0.707808066,0.1348596,2.344328,0.0690024065,2.58030475
"skills[218]",1.2412036011625,1.188215,0.686838231992335,0.723775668,0.2128207,2.477375,0.12563385,2.72210375
"skills[219]",1.43161646276,1.39106,0.747830484253999,0.793769214,0.29076125,2.7306925,0.18668423,2.99559725
"skills[220]",1.37818183299975,1.326445,0.774913955704868,0.8225138628,0.209961,2.71934,0.1182030425,3.037256
"skills[221]",1.331613794804,1.2867,0.712248459630463,0.727778688,0.23398275,2.602505,0.1441169875,2.832624
"skills[222]",1.2975912447125,1.22869,0.763108096640039,0.7998841977,0.1807246,2.677978,0.091868386,2.95413475
"skills[223]",1.07042403629225,1.01277,0.64272756110919,0.686436387,0.14040735,2.2240205,0.0728699275,2.44415175
"skills[224]",1.4810072665425,1.44005,0.75347355920545,0.8009235003,0.29203885,2.755048,0.1787402,3.028576
"skills[225]",1.237758261184,1.158525,0.780880550253002,0.8469663846,0.13519855,2.643928,0.0739343705,2.904567
"skills[226]",1.3004338504745,1.23597,0.758790207762117,0.8041837377,0.1731888,2.645644,0.1069442825,2.8971425
"skills[227]",1.652682162835,1.62443,0.812877753831863,0.85516368,0.3827308,3.0790085,0.252439525,3.32509825
"skills[228]",1.3139298446904,1.21769,0.804719275403297,0.8425326693,0.1720042,2.7617155,0.07979125825,3.0729025
"skills[229]",1.34962580317225,1.304205,0.796952531915577,0.8522718687,0.1782761,2.7463115,0.0961552455,3.049452
"skills[230]",1.3242871553075,1.226825,0.825791180888273,0.8792440692,0.1636154,2.8438445,0.104636735,3.14608175
"skills[231]",1.62617961930025,1.583965,0.799068936118836,0.836823918,0.38124435,3.0391615,0.2678682825,3.27817525
"skills[232]",1.4889540123995,1.47212,0.735370734623391,0.7663551987,0.3207427,2.7606955,0.191486945,3.03626425
"skills[233]",1.3148750348675,1.25923,0.709572288936284,0.7474387053,0.22579285,2.531646,0.132141055,2.794503
"skills[234]",1.276288343426,1.22717,0.705249406861066,0.731077473,0.22180475,2.533622,0.1291714975,2.81217725
"skills[235]",1.325477334,1.28272,0.741990751584189,0.775963188,0.2029681,2.600845,0.1175453375,2.93861875
"skills[236]",1.4162034750425,1.36538,0.752205142037869,0.7910419713,0.28460585,2.7538755,0.1759618575,2.995946
"skills[237]",1.8019091677775,1.81363,0.751773569834005,0.749128128,0.5195469,3.0283185,0.347089505,3.28821725
"skills[238]",1.23153029986475,1.14378,0.770790114657506,0.8067679095,0.1471331,2.6600695,0.0807128065,2.922084
"skills[239]",1.3307282360775,1.25932,0.778447136986691,0.8280906627,0.2074281,2.717416,0.12245425,2.97601425
"skills[240]",1.3966644803425,1.34642,0.749980025424232,0.7873591929,0.25773125,2.7231845,0.1554497875,2.9680365
"skills[241]",1.511211474415,1.481845,0.707015332496032,0.7380612603,0.37702585,2.7114985,0.25396755,2.98485475
"skills[242]",1.3230520708925,1.231285,0.792153067481659,0.836683071,0.18433895,2.7613415,0.1151971575,3.0469095
"skills[243]",1.3562826036225,1.294605,0.746188619300354,0.7808246334,0.22610005,2.6820255,0.12576523,2.97124175
"skills[244]",1.37292281351,1.335465,0.724452421418576,0.7793086749,0.2418022,2.615374,0.151184395,2.8877405
"skills[245]",1.143341241505,1.06556,0.698966028618587,0.7554832929,0.15404255,2.416565,0.0919653445,2.68998925
"skills[246]",1.26927830072,1.253295,0.681745441317501,0.7238987238,0.21695405,2.4479005,0.13113186,2.68310425
"skills[247]",1.3634996540635,1.303265,0.762481306848025,0.7765362129,0.192081,2.699232,0.1153998875,2.97705
"skills[248]",1.4227307437875,1.391015,0.711649153553573,0.735199101,0.29505445,2.661577,0.17993393,2.87764325
"skills[249]",1.27017521584975,1.217425,0.702862652635139,0.7407833139,0.20833665,2.4786935,0.1182038875,2.74139
"skills[250]",1.430310756505,1.40505,0.729101931629543,0.7872606,0.2951836,2.700654,0.1742062425,2.94311475
"skills[251]",1.18683632535175,1.13642,0.682554004277683,0.7027501761,0.18396015,2.4258545,0.11257141,2.6718125
"skills[252]",1.52965169166,1.502885,0.701092353483267,0.716496102,0.4109,2.719432,0.27177369,3.0054775
"skills[253]",1.471013840062,1.42094,0.721715412128658,0.748001352,0.3438538,2.6988335,0.2183176625,2.98103175
"skills[254]",1.15730123196,1.10033,0.667173532205281,0.708942255,0.18183555,2.3257505,0.1108266775,2.57957675
"skills[255]",1.36263827358,1.324255,0.712252836120247,0.765888921,0.25723915,2.604407,0.1531353275,2.831239
"skills[256]",1.4557842435825,1.42814,0.725135319420622,0.7448819616,0.3036975,2.7051,0.17608631,2.96335475
"skills[257]",1.221238653487,1.168065,0.686063484615637,0.723723777,0.176591,2.4131565,0.0957574915,2.63042025
"skills[258]",1.31525490188375,1.270535,0.760672945714462,0.7935868542,0.17222575,2.682696,0.088374333,2.9642955
"skills[259]",1.36290442783,1.30554,0.748876303790593,0.7803657687,0.23002035,2.7166165,0.150617325,2.9722845
"skills[260]",1.7236267831425,1.69196,0.770439846607044,0.801182214,0.5140758,3.0158455,0.3373208725,3.27705425
"skills[261]",1.577667048616,1.541195,0.794306982589762,0.832324227,0.30852695,2.9566915,0.175833375,3.216114
"skills[262]",1.3282329687275,1.293485,0.696953029289438,0.7318580619,0.2523593,2.546589,0.1407381525,2.76648675
"skills[263]",1.3542324890875,1.31337,0.735323633673686,0.7828105761,0.22375885,2.613865,0.1328312875,2.86313225
"skills[264]",1.3635207200675,1.31728,0.718274135952721,0.76042554,0.26910885,2.588104,0.16235834,2.909287
"skills[265]",1.4196800858375,1.363445,0.757231199377683,0.800374197,0.28586085,2.7777885,0.1740271575,3.03378325
"skills[266]",1.28862680920075,1.238145,0.713694568367279,0.7643351562,0.22922295,2.531291,0.1387468475,2.83741125
"skills[267]",1.27733843428,1.203255,0.757457960158525,0.8036225736,0.18223645,2.6378785,0.102964205,2.9193005
"skills[268]",1.34939109821925,1.284005,0.743137049959059,0.7899322452,0.22626275,2.6616845,0.1339995375,2.939053
"skills[269]",1.4822052458425,1.459535,0.728129572031788,0.7717014543,0.3468939,2.7194585,0.2480014175,3.01513475
"skills[270]",1.265887932335,1.2133,0.767377681891133,0.8137909857,0.13861105,2.6555295,0.07890247525,2.93997475
"skills[271]",1.196164414475,1.137735,0.685935802833922,0.7270640748,0.1991224,2.4125475,0.1004712125,2.68868575
"skills[272]",1.320993486383,1.28009,0.722855230585921,0.7563268923,0.20988435,2.5942355,0.1319320775,2.8910255
"skills[273]",1.362466305265,1.328355,0.700666123394515,0.7454423844,0.2739768,2.5768695,0.1900184425,2.821247
"skills[274]",1.49900394532,1.45802,0.777223396685354,0.8175464115,0.3051449,2.8522815,0.1954314,3.1139735
"skills[275]",1.28190491182058,1.195095,0.798604776485131,0.8473170195,0.14697945,2.7377615,0.08893596575,3.05953175
"skills[276]",1.29389191467875,1.22422,0.772128161591733,0.79726815,0.17011015,2.682604,0.09718228325,2.96386225
"skills[277]",1.432057363155,1.387525,0.74411222214752,0.790826253,0.27015835,2.7306315,0.16504432,3.0174215
"skills[278]",1.249625824955,1.164005,0.772528168773135,0.8091712041,0.1499681,2.6334895,0.08647614325,2.97277975
"skills[279]",1.2681156167325,1.22712,0.70530254633619,0.764665776,0.2152791,2.5137765,0.1242180225,2.781054
"skills[280]",1.25936086192825,1.18886,0.723262072075222,0.765977877,0.19810635,2.5412175,0.1244101475,2.8338665
"skills[281]",1.269737731035,1.217955,0.685568164759468,0.7003921008,0.2338967,2.4654645,0.120133105,2.74606325
"skills[282]",1.269186718535,1.203765,0.724306591348981,0.7612424526,0.2069532,2.5408705,0.125969915,2.835728
"skills[283]",1.192451908545,1.136595,0.67231911581222,0.7057961778,0.1948838,2.392447,0.1169870675,2.63534775
"skills[284]",1.15834702888625,1.10973,0.67223389239814,0.711388545,0.1630903,2.3276235,0.08991674225,2.615669
"skills[285]",1.2591507468075,1.181715,0.739267710766235,0.7863443532,0.1794555,2.563097,0.109836235,2.86021675
"skills[286]",1.716217546665,1.7136,0.753737789952462,0.776667423,0.49246815,2.9908195,0.3075341675,3.2361115
"skills[287]",1.32756327447075,1.25421,0.79326114497731,0.8378343099,0.17358575,2.7374565,0.09114814375,3.04817575
"skills[288]",1.3290703200275,1.269895,0.756373133490343,0.7939560216,0.209055,2.657594,0.1189908925,2.99162475
"skills[289]",1.298695592125,1.25307,0.703388846437375,0.7428115107,0.2157877,2.5372215,0.136358375,2.7721215
"skills[290]",1.5030374500275,1.46438,0.810958188395803,0.8491524783,0.23761135,2.9182175,0.1411504075,3.1868375
"skills[291]",1.421296803116,1.388425,0.725722850896524,0.7596708966,0.289915,2.6792155,0.1760734975,2.932387
"skills[292]",1.3536602224,1.310605,0.727528876304382,0.7659726879,0.2251319,2.6403885,0.129980765,2.894987
"skills[293]",1.5244567677325,1.481285,0.767179168432481,0.799922004,0.33204175,2.8490175,0.2068651325,3.08857975
"skills[294]",1.4724448399225,1.44281,0.759312967324372,0.8084306454,0.3277832,2.8025335,0.20261684,3.08707275
"skills[295]",1.6794858267525,1.658485,0.77312279912476,0.797008695,0.46259405,3.0006535,0.3090586175,3.27689225
"skills[296]",1.2215793132125,1.14586,0.719724362535235,0.7528998624,0.1787634,2.5070535,0.1158350775,2.80135225
"skills[297]",1.45374664811,1.4188,0.721459130225819,0.7466203101,0.32570585,2.725511,0.197498385,2.946344
"skills[298]",1.3003070490265,1.250365,0.713991893578559,0.7596605184,0.20787435,2.5462075,0.1290708325,2.79599325
"skills[299]",1.4887436110465,1.466695,0.769916165529304,0.8252811357,0.2894697,2.815821,0.1377568725,3.07504525
"skills[300]",1.4313567179725,1.40062,0.724210359410737,0.7509428304,0.2802713,2.665379,0.1664510675,2.93914425
"skills[301]",1.1503600565525,1.07989,0.699420069467089,0.7449775893,0.14543815,2.418818,0.091773763,2.695623
"skills[302]",1.360164039626,1.30927,0.757088786707027,0.8069880756,0.2328307,2.68859,0.1315622275,3.00194825
"skills[303]",1.266780528116,1.21005,0.751227104338948,0.8003986599,0.16112315,2.5865615,0.08915890725,2.8736805
"skills[304]",1.2425637873275,1.190565,0.687406116152418,0.713071296,0.19759975,2.477764,0.12003105,2.71309375
"skills[305]",1.2238392700575,1.173965,0.681722814630624,0.7156888263,0.2049474,2.425216,0.1267191725,2.6503885
"skills[306]",1.2850301019775,1.208135,0.765721159492518,0.8020866,0.170892,2.637211,0.10143014,2.9612445
"skills[307]",1.150038974205,1.0807,0.681552835519718,0.7216525848,0.16680605,2.3834515,0.09160061675,2.637825
"skills[308]",1.11144592817225,1.040055,0.689095487097153,0.7176139824,0.12375975,2.3535155,0.0690652625,2.63756075
"skills[309]",1.27907476668877,1.22201,0.714573149022679,0.7532927514,0.210558,2.5440435,0.1280142625,2.815646
"skills[310]",1.2245315363675,1.1663,0.686019999615215,0.7178689896,0.1854141,2.4461225,0.117901645,2.6821235
"skills[311]",1.25041828792125,1.18077,0.757776719559344,0.7943274129,0.1665847,2.616325,0.09811305575,2.91541025
"skills[312]",1.54206033197125,1.51325,0.763122585814938,0.7906238781,0.31572415,2.839348,0.1948645975,3.13799575
"skills[313]",1.50847931111175,1.486445,0.76177031259623,0.79697163,0.30994595,2.8141805,0.1962777225,3.1043365
"skills[314]",1.3944656903,1.34511,0.741681996682614,0.769721442,0.24226035,2.6658495,0.1459633025,2.93455975
"skills[315]",1.412348600115,1.366875,0.71124335097817,0.7126739592,0.3288904,2.692505,0.21565808,2.9625395
"skills[316]",1.6616943230575,1.6426,0.784748298897174,0.816238017,0.39512965,2.946009,0.2171179375,3.20349875
"skills[317]",1.1873343016925,1.115925,0.718747358097412,0.7682558919,0.16963295,2.4914965,0.1014883325,2.7501735
"skills[318]",1.6062491986725,1.582255,0.78980284896393,0.843992289,0.35946965,2.942613,0.24130497,3.2145335
"skills[319]",1.5756587750125,1.55796,0.736109977684059,0.762493767,0.3964285,2.839425,0.260267835,3.080914
"skills[320]",1.472811308895,1.44898,0.760304409717908,0.7867772724,0.2713041,2.7727465,0.15960971,3.05452325
"skills[321]",1.188330644435,1.118755,0.688269466369693,0.7318424946,0.18940505,2.408847,0.122095665,2.64532925
"skills[322]",1.3821806824775,1.3303,0.725750455722314,0.7640089842,0.29275175,2.6610695,0.1858940825,2.9026035
"skills[323]",1.444018287205,1.41941,0.723468509104805,0.7493527419,0.3352811,2.696869,0.2274542425,2.91239775
"skills[324]",1.3435233964965,1.296825,0.70741626615954,0.754302402,0.2568148,2.5701485,0.157317215,2.8195515
"skills[325]",1.43256188043275,1.380625,0.741881650834549,0.79711989,0.31343665,2.744484,0.20935135,2.99821975
"skills[326]",1.2991416239275,1.230595,0.766452837160008,0.830218935,0.17977265,2.643932,0.11089503,2.94352575
"skills[327]",1.3770558905525,1.33944,0.739816812527425,0.7686406266,0.24468015,2.6870135,0.1541962675,2.946499
"skills[328]",1.2790327527675,1.20262,0.768894638422408,0.8002340913,0.15753695,2.6734075,0.1009031025,2.959552
"skills[329]",1.2434223644355,1.16748,0.749799799036943,0.789699477,0.15367175,2.598483,0.07536061925,2.891725
"skills[330]",1.33937957875838,1.26541,0.800893449594141,0.8482940529,0.1948107,2.8237565,0.10928465,3.110119
"skills[331]",1.10094061131,1.041165,0.667928470978665,0.7010955945,0.1329652,2.284314,0.07587261875,2.569914
"skills[332]",1.220838745365,1.147245,0.734714683649594,0.780151533,0.1565167,2.540301,0.09147028325,2.820827
"skills[333]",1.1836866197675,1.112995,0.704962990496836,0.7356624135,0.16147095,2.446363,0.092369576,2.68557425
"skills[334]",1.19868617384025,1.120405,0.745679989321268,0.795837441,0.14051135,2.5835525,0.08217778175,2.81577325
"skills[335]",1.236598151398,1.18634,0.684558416596154,0.7261411563,0.19701895,2.452811,0.11597843,2.6583985
"skills[336]",1.480034581955,1.44543,0.744678801563875,0.7695887493,0.3108188,2.7827405,0.19681237,3.0252075
"skills[337]",1.33539529033025,1.262965,0.764016090179443,0.7972192242,0.23057875,2.731501,0.1402713475,3.005021
"skills[338]",1.406043913,1.375875,0.73291947953324,0.7630401051,0.2759423,2.6963705,0.17228227,2.93957825
"skills[339]",1.348829627465,1.27462,0.795601914372826,0.8646960567,0.1773196,2.748817,0.096682382,3.00673775
"skills[340]",1.366568192035,1.32646,0.712943734861051,0.734376258,0.2648964,2.622633,0.1488014775,2.8741995
"skills[341]",1.33402355005675,1.25683,0.739136419524844,0.7711039665,0.22515505,2.659193,0.136327195,2.892882
"skills[342]",1.37810030524,1.320725,0.729572759151761,0.7649200419,0.2592279,2.6745095,0.1649846775,2.925053
"skills[343]",1.2280276289725,1.15244,0.746189641875112,0.7893429117,0.17693565,2.583811,0.0925035585,2.87676975
"skills[344]",1.562614435355,1.526545,0.745574108634039,0.76932114,0.3897586,2.8296885,0.2428797925,3.11692175
"skills[345]",1.446802019475,1.397765,0.700929802529676,0.7262997945,0.3499269,2.658155,0.2360840775,2.8821205
"skills[346]",1.43003774766675,1.383505,0.765351990904373,0.8093802507,0.24447825,2.7427325,0.1293935,3.0353355
"skills[347]",1.3200432199815,1.26732,0.740064437191585,0.777853503,0.1870323,2.6419285,0.1095716325,2.91169525
"skills[348]",1.218084661705,1.128655,0.748835182265956,0.7843235694,0.15672555,2.583615,0.0879449155,2.88911125
"skills[349]",1.3228839804075,1.251835,0.738469213538844,0.7765139739,0.2478403,2.648667,0.15993862,2.918916
"skills[350]",1.3236038831525,1.28489,0.708774783743592,0.7694108373,0.23388745,2.560051,0.14238864,2.77282675
"skills[351]",1.4128822262925,1.380635,0.707185952985458,0.7156680699,0.28376635,2.6278215,0.17637012,2.88553
"skills[352]",1.288639580637,1.21864,0.739746276372014,0.7666635795,0.19488305,2.603253,0.1195946725,2.8967345
"skills[353]",1.28545851146,1.203455,0.777759659407049,0.8184285585,0.15694475,2.6886165,0.09157080325,2.965181
"skills[354]",1.6598041299075,1.62767,0.769550815294793,0.788839569,0.43201855,2.977359,0.2723551775,3.23586925
"skills[355]",1.537268721475,1.50173,0.781338934045621,0.8229193539,0.32892545,2.8904805,0.1852494425,3.13474
"skills[356]",1.2347248895125,1.16486,0.727278079539538,0.763954128,0.17136075,2.517709,0.1049031825,2.8050275
"skills[357]",1.14746376337975,1.073325,0.699897915627698,0.7361909604,0.1450686,2.405481,0.07423266725,2.658481
"skills[358]",1.3051856798475,1.25308,0.722156657639635,0.7681787967,0.2223091,2.5849675,0.119223575,2.88144475
"skills[359]",1.27871591459,1.22463,0.68655575103271,0.7226985591,0.2337347,2.497038,0.1359602625,2.70774375
"skills[360]",1.441449728105,1.40169,0.761344795487391,0.7827809241,0.2541005,2.7778295,0.1372754625,3.0160615
"skills[361]",1.27545957775725,1.208815,0.718192902847624,0.778995105,0.2107357,2.537968,0.11664077,2.81757475
"skills[362]",0.95153869985,0.886598,0.592143096566931,0.6341035722,0.11789245,2.0349025,0.070437389,2.26026925
"skills[363]",1.3708127265595,1.31562,0.798057428900787,0.8426913075,0.17371615,2.827138,0.08776069125,3.09045825
"skills[364]",1.0899752696005,1.028605,0.651264264618128,0.7053261936,0.1605704,2.253052,0.0988387175,2.4862115
"skills[365]",1.34735541846,1.297415,0.714330074662487,0.7623299397,0.26249145,2.591179,0.1652067925,2.8469345
"skills[366]",1.377058778245,1.347355,0.709819839805625,0.7617294867,0.2610856,2.5757535,0.15898954,2.847769
"skills[367]",1.3397239220725,1.28016,0.73692620937326,0.7657562283,0.2431331,2.6817025,0.140042625,2.93126325
"skills[368]",1.19822884955085,1.13043,0.695137395391794,0.726170067,0.1801384,2.435807,0.09941813175,2.72999825
"skills[369]",1.1199688720375,1.042345,0.691151724804505,0.734687604,0.1485721,2.3808285,0.08525658575,2.6426085
"skills[370]",1.135806681265,1.067965,0.691915274487252,0.737400762,0.14486345,2.3697345,0.091153233,2.62593825
"skills[371]",1.40501154279,1.35603,0.757784885994713,0.781196766,0.2613066,2.7196975,0.1567856925,3.07794925
"skills[372]",1.479753340175,1.444495,0.745683943184956,0.779046996,0.33055225,2.769476,0.224126095,3.05871475
"skills[373]",1.2303995031275,1.185825,0.682371195184909,0.711596109,0.19817095,2.457277,0.117775485,2.713676
"skills[374]",1.3069297516875,1.218485,0.783017506379812,0.8086871352,0.1776555,2.719686,0.1135180375,3.03702
"skills[375]",1.1412045028825,1.054565,0.67474832371129,0.7067020464,0.17743425,2.3459315,0.0979363175,2.6004565
"skills[376]",1.404552603435,1.356615,0.730801845154649,0.7574277228,0.25963875,2.660074,0.1461765775,2.9271705
"skills[377]",1.4543735932425,1.402165,0.807406266801274,0.8632727607,0.2427042,2.8598785,0.1550108175,3.20152325
"skills[378]",1.2155946883525,1.14157,0.717082013687221,0.754087425,0.1712687,2.515516,0.1103337475,2.77126275
"skills[379]",1.26203655707,1.20287,0.718732140327554,0.7800507162,0.19855385,2.516389,0.1106170625,2.78458875
"skills[380]",1.2905387472925,1.20556,0.767925584367052,0.799210356,0.17173635,2.692454,0.105364745,2.9429215
"skills[381]",1.2494344786,1.1845,0.725892201761644,0.7635960801,0.17154965,2.528336,0.108031735,2.7967835
"skills[382]",1.34301690482,1.258835,0.815227881712366,0.8563008342,0.18311845,2.8174315,0.11179198,3.11772425
"skills[383]",1.20546748223475,1.156975,0.689438088054736,0.725851308,0.17147885,2.4085445,0.09876791225,2.67712625
"skills[384]",1.2947236295015,1.21657,0.799680519344782,0.866965176,0.16238285,2.7436285,0.0860676745,3.009741
"skills[385]",1.32731637116778,1.287975,0.726663721243733,0.7730461725,0.21785665,2.637232,0.139030615,2.86327
"skills[386]",1.3435460764844,1.29317,0.792324884623866,0.8393406315,0.1837645,2.7282965,0.1001079455,3.0257005
"skills[387]",1.232217077945,1.181945,0.670217083695731,0.709602012,0.2326074,2.405032,0.1464171925,2.630427
"skills[388]",1.28237063446,1.20398,0.777297453745775,0.8244345711,0.1775804,2.7028005,0.102660845,3.0207495
"skills[389]",1.26204252476875,1.18729,0.758732843078463,0.800025786,0.15626965,2.633255,0.08271320975,2.93180325
"skills[390]",1.4165380046585,1.358185,0.805200184101508,0.831197451,0.20146855,2.820532,0.10069245675,3.17961125
"skills[391]",1.4148862151185,1.364315,0.763876477287357,0.7940976099,0.24490755,2.778054,0.1435281675,3.067803
"skills[392]",1.21285185242,1.13875,0.701352671473031,0.7496314707,0.2059494,2.4818345,0.13331478,2.71086325
"skills[393]",1.3434871346225,1.27212,0.75614926373609,0.7959894075,0.22240205,2.675008,0.1401947675,2.91242
"skills[394]",1.435486566498,1.381935,0.776506877480765,0.8245175967,0.2631425,2.801511,0.1479412375,3.103784
"skills[395]",1.56041263055,1.539545,0.74373537395878,0.772315992,0.37524795,2.8293395,0.2577465525,3.08163625
"skills[396]",1.2972080144295,1.254815,0.715330561008364,0.7505862651,0.22104135,2.5551015,0.13008401,2.80301225
"skills[397]",1.2707464459825,1.16619,0.816526467020156,0.8514082542,0.1326156,2.779266,0.067654134,3.07148225
"skills[398]",1.4022706622425,1.361925,0.731841243267832,0.7660764699,0.262182,2.672395,0.1615041825,2.949285
"skills[399]",1.2529400839125,1.179365,0.762607419839104,0.7957514502,0.1622953,2.6482225,0.0943951235,2.937437
"skills[400]",1.24598133425475,1.189915,0.751735201860976,0.8029969164,0.16417365,2.570097,0.10048161,2.8922645
"skills[401]",1.245292974965,1.19835,0.713063328528948,0.7633951878,0.1908254,2.5295125,0.116491605,2.78313825
"skills[402]",1.3650356531335,1.33151,0.723526627310868,0.7607761749,0.26628665,2.638473,0.1446284675,2.86109925
"skills[403]",1.24833820358825,1.157965,0.78199461275072,0.8189563641,0.1325528,2.6799925,0.07091685175,2.9604
"skills[404]",1.13765532137875,1.05395,0.70545469848813,0.7427262612,0.14978785,2.4319185,0.09951525475,2.71368125
"skills[405]",1.3362743116325,1.27534,0.756005518053271,0.7974556989,0.2127934,2.6619325,0.1095969675,2.950928
"skills[406]",1.381827940379,1.342035,0.748865858793048,0.7921591104,0.2486978,2.683916,0.14662103,2.9513435
"skills[407]",1.5030551222425,1.473585,0.752622601307791,0.7795414431,0.31679075,2.788525,0.1863223925,3.049324
"skills[408]",1.17022357104475,1.09813,0.711446271765753,0.763694673,0.14827265,2.464408,0.07565320075,2.71182225
"skills[409]",1.4020842983475,1.33949,0.77629775779136,0.829922415,0.24222535,2.808843,0.145296895,3.04670225
"skills[410]",1.13872228986,1.078795,0.657728899562636,0.697948776,0.16869225,2.3071625,0.09711401575,2.5498905
"skills[411]",1.62044699026,1.59118,0.770619352445806,0.818743611,0.4135752,2.9434105,0.23381843,3.19870825
"skills[412]",1.4582232204975,1.426965,0.752948855152979,0.793420803,0.27424055,2.7758145,0.1691341725,3.0065385
"skills[413]",1.32283284207,1.237545,0.803515101725345,0.8573401368,0.1865756,2.818677,0.1183826925,3.0830655
"skills[414]",1.626239102,1.59642,0.740510316271248,0.7687281,0.45656245,2.882504,0.289349185,3.1635795
"skills[415]",1.4052064289075,1.365,0.766740904214123,0.8129088387,0.2318836,2.730332,0.1394816275,3.0182985
"skills[416]",1.2878924283505,1.218725,0.730039709917323,0.7561497216,0.19705975,2.572334,0.1015688735,2.85800575
"skills[417]",1.354066262185,1.311185,0.716085853358554,0.747927222,0.24553055,2.5863915,0.14948512,2.85125175
"skills[418]",1.22513065634,1.14101,0.753031724894262,0.7799469342,0.16122185,2.609901,0.086072565,2.89915525
"skills[419]",1.2587320321205,1.20231,0.727369927345914,0.7530844461,0.1861623,2.5579335,0.105273065,2.83487225
"skills[420]",1.3165428568125,1.239685,0.788729394490978,0.845319216,0.1882855,2.769898,0.1115395825,3.042916
"skills[421]",1.61554289885,1.60036,0.743356257048862,0.755043702,0.4110615,2.8875125,0.28259922,3.11798
"skills[422]",1.40891068643,1.381055,0.71747378328968,0.745295607,0.2740625,2.6350405,0.16266902,2.8802455
"skills[423]",1.4008360483475,1.366365,0.725961899979626,0.768142473,0.2830079,2.666444,0.1830292375,2.8958565
"skills[424]",1.2323314270425,1.150375,0.741773532410609,0.7976388,0.1670254,2.5606855,0.102419435,2.81830525
"skills[425]",1.2536077725925,1.206895,0.698431898803225,0.745681083,0.18779345,2.474756,0.118610725,2.7002925
"skills[426]",1.21155359768975,1.11636,0.755844630257365,0.7851315864,0.1494941,2.6028285,0.09087186425,2.9029105
"skills[427]",1.60703420686925,1.57239,0.769196455451261,0.800359371,0.3989202,2.93601,0.23526813,3.1894955
"skills[428]",1.4524743303175,1.39782,0.756038097257702,0.796867848,0.29368275,2.785804,0.19882626,3.02688475
"skills[429]",1.303995171578,1.22742,0.805061178070835,0.842354016,0.1666368,2.755302,0.0967678285,3.074934
"skills[430]",1.418203712475,1.373435,0.740476702091327,0.7786363158,0.26762975,2.7113085,0.1655787375,2.95267825
"skills[431]",1.20721910251747,1.14332,0.721787527131214,0.7523468526,0.14846265,2.510994,0.08878912025,2.79636775
"skills[432]",1.3054526374525,1.267475,0.696642738998663,0.7239439431,0.21289305,2.543572,0.1230130875,2.7945555
"skills[433]",1.199603209115,1.125135,0.691077760982825,0.7120542324,0.17873525,2.4286245,0.103169325,2.70235825
"skills[434]",1.25322189608875,1.178935,0.735409639306356,0.7549762437,0.1778934,2.573539,0.09403141225,2.86831225
"skills[435]",1.4197001633775,1.380935,0.765976976165982,0.830433912,0.24412815,2.7448885,0.1542946975,3.00697525
"skills[436]",1.3507907392,1.31356,0.719968404625691,0.7435068501,0.2257027,2.6208505,0.1311739175,2.864804
"skills[437]",1.2952290207625,1.212945,0.795373125792269,0.8241447228,0.1579727,2.7482745,0.085924076,3.0491435
"skills[438]",1.28934266703825,1.200605,0.803486869959715,0.843243576,0.1548488,2.750901,0.08302204775,3.1019225
"skills[439]",1.11481767210685,1.036815,0.71855136188545,0.772219623,0.11412815,2.420334,0.0723012995,2.72582775
"skills[440]",1.30145321816575,1.235825,0.733774385215869,0.7791063,0.22042655,2.5986965,0.1317685875,2.8552025
"skills[441]",1.34781837513,1.253605,0.799072073167468,0.8430530619,0.18636765,2.8128185,0.1053386375,3.08902625
"skills[442]",1.13141818617325,1.038775,0.718075417741048,0.7592313057,0.144515,2.461411,0.0760914845,2.7158795
"skills[443]",1.23821695255,1.165035,0.752744629359384,0.7906639083,0.16742885,2.614457,0.1037550675,2.90146175
"skills[444]",1.360259997116,1.3176,0.732076672388957,0.7631750217,0.22312945,2.638984,0.1385494125,2.922889
"skills[445]",1.32229950107375,1.257325,0.762775553274918,0.791649096,0.2076367,2.7156585,0.11899176,2.9732925
"skills[446]",1.3392707732975,1.27983,0.763672851101939,0.7948174122,0.1972966,2.68919,0.112514255,3.00541325
"skills[447]",1.345313904195,1.29638,0.732967326170019,0.7785970269,0.22356465,2.630799,0.1413797325,2.90102
"skills[448]",1.533085946225,1.503575,0.761029672306909,0.7993200684,0.3212484,2.824128,0.207422425,3.10524475
"skills[449]",1.1579076380725,1.098195,0.678914179112135,0.7075456458,0.17782965,2.394229,0.10199297,2.63971325
"skills[450]",1.27597599133575,1.223345,0.702203806747695,0.7388618643,0.19902695,2.5148005,0.12091643,2.79683675
"skills[451]",1.320589024085,1.27234,0.722607334617692,0.742241451,0.23669475,2.6336625,0.13437641,2.9228195
"skills[452]",1.3715632764125,1.29761,0.818968117342133,0.8550539676,0.17344745,2.862838,0.10042577075,3.1409805
"skills[453]",1.2810043171225,1.22808,0.757835908787343,0.7750239609,0.1589799,2.6117795,0.084598659,2.959315
"skills[454]",1.39377374613,1.356485,0.686775548850292,0.7044714747,0.3156118,2.5827735,0.2160572125,2.82608075
"skills[455]",1.273231028565,1.185295,0.768187740662173,0.8026766748,0.1699911,2.684638,0.09589790875,2.949039
"skills[456]",1.136818031164,1.074245,0.702866362871878,0.7531400436,0.14045805,2.417312,0.0762839645,2.66980725
"skills[457]",1.4929800210857,1.47356,0.747439603073803,0.7705754196,0.278686,2.754833,0.161833585,3.0010805
"skills[458]",1.33620991785425,1.26237,0.787889352939975,0.8130400488,0.18255865,2.7525675,0.10772836,3.06228725
"skills[459]",1.5229910427175,1.49385,0.735582347383477,0.7595908362,0.346928,2.787904,0.2000285,3.03502975
"skills[460]",1.4357114067825,1.383825,0.762403841643114,0.7931405916,0.2521038,2.7778675,0.1357100125,3.03415275
"skills[461]",1.19365457990175,1.12296,0.738819765251963,0.7729876098,0.14321705,2.5367915,0.08211253075,2.79252925
"skills[462]",1.18232094299475,1.1419,0.664849732294302,0.6944639247,0.1775673,2.367252,0.10317122,2.656049
"skills[463]",1.296376682295,1.24707,0.700509324037225,0.7397395635,0.25003135,2.5443505,0.15498801,2.79696975
"skills[464]",1.3354103999775,1.245575,0.812339269101588,0.855437961,0.1845693,2.8041345,0.10396624,3.08815825
"skills[465]",1.2680123432625,1.193125,0.765719646681902,0.8169696801,0.1692037,2.648567,0.0982135305,2.95609125
"skills[466]",1.3380371200475,1.240255,0.810819700144674,0.8392042323,0.15995285,2.8067875,0.08365085275,3.10671575
"skills[467]",1.6503011131275,1.60846,0.80399076621431,0.80482941,0.3947899,3.016872,0.2358224175,3.33094025
"skills[468]",1.3321602597675,1.25747,0.761781482470723,0.811441806,0.216142,2.6806015,0.1242698775,2.95975425
"skills[469]",1.24105856507,1.178735,0.719637833573272,0.784488138,0.18505065,2.5153005,0.1096854025,2.7882565
"skills[470]",1.27362725756875,1.19531,0.769042647076864,0.7946402415,0.17564895,2.6477935,0.10594112,2.985635
"skills[471]",1.29698439016875,1.246175,0.726541420930115,0.7632313605,0.2095829,2.6136315,0.1319938875,2.85250325
"skills[472]",1.586424098985,1.5634,0.740073495259458,0.762449289,0.41322745,2.829821,0.269422195,3.0979305
"skills[473]",1.331819649085,1.295065,0.716048699921798,0.7626375792,0.23238375,2.5735695,0.1427136,2.8259815
"skills[474]",1.4998286442525,1.460315,0.754465492391008,0.7937773683,0.3351442,2.817233,0.2249720425,3.09163875
"skills[475]",1.23979445771025,1.165475,0.727216275703203,0.773183313,0.17193925,2.5376015,0.0970845525,2.8100085
"skills[476]",1.2486114448425,1.17628,0.754673033563529,0.7929144951,0.1561525,2.619811,0.091879241,2.8816715
"skills[477]",1.4846418142675,1.441425,0.733788709982529,0.765814791,0.3554578,2.763803,0.2408965625,3.02170025
"skills[478]",1.46311604795,1.390685,0.78643957909205,0.8199563778,0.30072965,2.8663275,0.1880179,3.1174725
"skills[479]",1.422052127865,1.38706,0.738865771304635,0.774791934,0.2782129,2.6982455,0.1687021925,2.99652025
"skills[480]",1.13281300053,1.070145,0.679378765789767,0.7153633956,0.1431366,2.3465445,0.0739135815,2.62190975
"skills[481]",1.46414744243033,1.433865,0.746513368295658,0.7861568043,0.29189125,2.749198,0.167832365,3.02037125
"skills[482]",1.2562011969025,1.16744,0.763479725223414,0.8139014394,0.14689085,2.6050655,0.093608335,2.880882
"skills[483]",1.3140221223625,1.26577,0.745466790822188,0.773309334,0.2001644,2.648692,0.1182327225,2.91656125
"skills[484]",1.31003450058725,1.24699,0.792681143687445,0.8582608314,0.1625885,2.720896,0.0985111345,3.0281535
"skills[485]",1.452903262823,1.406635,0.768234140212719,0.7988604624,0.2576988,2.8103555,0.1375002275,3.08059475
"skills[486]",1.09273267061,1.02281,0.659641306455751,0.6860420154,0.15832545,2.283713,0.0900786055,2.54973225
"skills[487]",1.60104147276775,1.574635,0.747243088252701,0.77999586,0.4175907,2.852406,0.26524987,3.12595575
"skills[488]",1.17827571396,1.119575,0.723696307439834,0.7603076733,0.16762145,2.5196165,0.106248585,2.825164
"skills[489]",1.381797409145,1.332485,0.77613601231899,0.8253574896,0.1966318,2.7243295,0.109881965,3.0534835
"skills[490]",1.247992339415,1.145445,0.775569033623884,0.8188296018,0.1760056,2.647583,0.10354852,2.943696
"skills[491]",1.5776081825425,1.562345,0.770681786718981,0.787994487,0.33419035,2.895197,0.2129756575,3.129832
"skills[492]",1.35503425745575,1.30734,0.754115201220386,0.7966098756,0.22419105,2.6705365,0.13153966,2.9576475
"skills[493]",1.2106209251075,1.13177,0.735817479231201,0.7740936294,0.16768815,2.553714,0.09148338425,2.83030675
"skills[494]",1.16147190030075,1.082615,0.738867088643068,0.7771766961,0.13439445,2.506097,0.08419049625,2.8123135
"skills[495]",1.2409946379975,1.184965,0.735889856759583,0.7840099995,0.16115365,2.552345,0.0978373445,2.84227
"skills[496]",1.2039380317935,1.14457,0.701970502803234,0.7392369621,0.18237,2.4584055,0.103555725,2.69672225
"skills[497]",1.3604423787175,1.34224,0.693401859953864,0.72195207,0.25236435,2.5524035,0.156589065,2.7729565
"skills[498]",1.18287792539425,1.10071,0.732339188284259,0.7590600654,0.1462791,2.5490205,0.08166817125,2.80196675
"skills[499]",1.2068475370775,1.10926,0.76646270673293,0.797305215,0.14375405,2.629688,0.0634436715,2.91396525
"skills[500]",1.25546059894,1.18573,0.735295405871914,0.7751314494,0.20741995,2.5833695,0.1316855175,2.857
"skills[501]",1.27227763258,1.207165,0.740577766974989,0.7789461792,0.1956543,2.6182755,0.1060237075,2.87446175
"skills[502]",1.2493538715525,1.14708,0.78650987980617,0.8285376666,0.1377218,2.682588,0.0801877675,2.95201725
"skills[503]",1.41883386955,1.3771,0.764857768677797,0.8106352716,0.25536005,2.7656315,0.1562473225,3.0739825
"skills[504]",1.5351345574875,1.48754,0.746850718791466,0.768009039,0.3488604,2.8216675,0.23398201,3.087593
"skills[505]",1.3535228523375,1.31023,0.724047010527019,0.7591297476,0.24173765,2.617946,0.1507839375,2.88134525
"skills[506]",1.354685196805,1.3202,0.707308704455205,0.726533304,0.25486475,2.5946375,0.1746570025,2.8256395
"skills[507]",1.264270316825,1.18983,0.752993276596951,0.8029309407,0.17019665,2.6464075,0.1103533,2.93731175
"skills[508]",1.38701220256,1.32581,0.781849719198996,0.8198437002,0.21606745,2.7851585,0.1126489375,3.05731825
"skills[509]",1.3543890913475,1.32073,0.736768330210954,0.776815683,0.24004845,2.668908,0.149364485,2.87578175
"skills[510]",1.4001376361325,1.337475,0.733766785779151,0.7861382718,0.27734015,2.6903465,0.180167315,2.93260425
"skills[511]",1.08487877252475,1.005715,0.691831435250157,0.7332650493,0.1237121,2.336194,0.0667781325,2.59973925
"skills[512]",1.3775541225225,1.346265,0.742760876782846,0.7904882202,0.22948605,2.670637,0.133985175,2.92578775
"skills[513]",1.37668768788,1.339335,0.733861239697648,0.768164712,0.2259414,2.632695,0.1397089,2.91579675
"skills[514]",1.2265715127375,1.144585,0.737912834750819,0.7833294861,0.15887685,2.548599,0.09735429325,2.80085825
"skills[515]",1.288398091905,1.209095,0.757385589725191,0.78540735,0.1742207,2.645466,0.105217205,2.92285675
"skills[516]",1.30986020743915,1.216855,0.762669282717479,0.799039857,0.20209955,2.6718285,0.1141691225,2.99956925
"skills[517]",1.32036184765,1.27548,0.757538256334064,0.8101430484,0.1915842,2.6729885,0.1037285,2.93602175
"skills[518]",1.18094140612625,1.10456,0.697039440327961,0.7311301053,0.175972,2.449954,0.1087706875,2.731116
"skills[519]",1.4388850725375,1.404725,0.729161094602308,0.7696725162,0.2859386,2.6801985,0.14786024,2.95889
"skills[520]",1.3793400965,1.34843,0.683074541295061,0.702070404,0.3005524,2.554206,0.188882265,2.8023915
"skills[521]",1.2938988686725,1.23231,0.730441100219962,0.7684486299,0.2022241,2.589785,0.110292255,2.83175
"skills[522]",1.2560967787645,1.20368,0.73600810314893,0.7787549238,0.18230575,2.5722825,0.10352994,2.86334125
"skills[523]",1.2908913392,1.22805,0.729619826088161,0.7568176329,0.19152165,2.6125935,0.11421344,2.83878125
"skills[524]",1.3531082524225,1.29136,0.768861164992219,0.7968470916,0.20007825,2.7375335,0.10372004,2.97715925
"skills[525]",1.33381466068,1.285785,0.714281173108494,0.7490198982,0.24319115,2.5812225,0.1340775,2.79662925
"skills[526]",1.5779115782975,1.547735,0.769006417677313,0.799922004,0.3791169,2.9241005,0.2460416725,3.25469325
"skills[527]",1.2768780641425,1.210725,0.762662187082428,0.8174804358,0.17055025,2.6172635,0.1015315725,2.90470525
"skills[528]",1.387899130235,1.31135,0.803508539613709,0.8517796455,0.20882985,2.8494765,0.1221623075,3.113951
"skills[529]",1.2591215895675,1.194895,0.736970838663006,0.788409615,0.17633585,2.562259,0.10463479,2.82787575
"skills[530]",1.2680716794315,1.1841,0.76090746019563,0.8091415521,0.16721415,2.65077,0.1044115075,2.9205435
"skills[531]",1.24543536890173,1.166765,0.73606935206768,0.7666784055,0.1758997,2.5940965,0.09457708825,2.856272
"skills[532]",1.3159163597175,1.26187,0.767367230831737,0.804844236,0.17858245,2.6742425,0.1024489175,2.93942575
"skills[533]",1.30629033650975,1.220595,0.807666248094121,0.856164435,0.16381745,2.8018525,0.09947224275,3.06607425
"skills[534]",1.281606212014,1.21874,0.768883115553139,0.81283545,0.16411215,2.6537215,0.0889554465,2.9720835
"skills[535]",1.15053422019207,1.072015,0.695467378283644,0.727719384,0.1499509,2.4451885,0.08397729475,2.713619
"skills[536]",1.2683370046325,1.171845,0.794766446775364,0.8386801332,0.1622068,2.7330105,0.09970549,3.02471275
"skills[537]",1.43664718677,1.385965,0.729506988671215,0.7413630105,0.29858275,2.7126835,0.1752120825,3.00128025
"skills[538]",1.4001325637925,1.350255,0.753647879464154,0.7892850903,0.2520976,2.6787885,0.1561666975,2.96447175
"skills[539]",1.1547567062455,1.06999,0.712728780488225,0.740862633,0.1427387,2.4416515,0.078440385,2.7019915
"skills[540]",1.308265257664,1.239555,0.766948788460861,0.8174893314,0.17388175,2.693175,0.09979664775,2.9494755
"skills[541]",1.2592328271575,1.17792,0.766087883792527,0.8187147003,0.17761625,2.6290095,0.11344814,2.98882875
"skills[542]",1.2811493311675,1.233285,0.704878657090314,0.732589725,0.2065991,2.5105365,0.130941755,2.81685175
"skills[543]",1.15264473823,1.082945,0.691151078383564,0.7210150668,0.1606316,2.4016905,0.0897289235,2.63344425
"skills[544]",1.316528185817,1.25602,0.727083141255655,0.7628466258,0.22713615,2.6285625,0.1353342425,2.8970235
"skills[545]",1.3529921712225,1.29947,0.77385879267461,0.7962755493,0.21097645,2.7249085,0.11114413,3.04007725
"skills[546]",1.2815534231605,1.20903,0.792504863224523,0.8268578808,0.1373359,2.714723,0.077670581,3.04245375
"skills[547]",1.538651057115,1.500065,0.766851262091206,0.8259957489,0.34536585,2.8261405,0.222458145,3.0782045
"skills[548]",1.209178140055,1.12741,0.761077750877498,0.813969639,0.14424945,2.580687,0.07891724975,2.88806125
"skills[549]",1.3214790068525,1.26344,0.768738103987461,0.83210925,0.20710475,2.692628,0.1286774025,2.998402
"skills[550]",1.3216817303035,1.24659,0.800736430432489,0.856831605,0.17564655,2.7462965,0.11358586,3.040907
"skills[551]",1.2897958703965,1.25174,0.713902364106722,0.7414801359,0.20629465,2.523308,0.1112613725,2.766341
"skills[552]",1.309097685575,1.268475,0.727675976815774,0.7655820228,0.20883275,2.601469,0.1206784125,2.88275575
"skills[553]",1.2897101141375,1.2047,0.765389259236849,0.8130570987,0.1822074,2.68588,0.1055151725,2.938799
"skills[554]",1.4254160491935,1.386585,0.76949457657847,0.8154248109,0.23144935,2.7836975,0.14276417,3.041878
"skills[555]",1.3600611331625,1.285,0.782811543862591,0.8273256411,0.20484595,2.762871,0.1204770425,3.07002025
"skills[556]",1.32258740812,1.272845,0.714775140669302,0.74619258,0.23112955,2.582887,0.1363047675,2.827152
"skills[557]",1.2466110195475,1.18099,0.741771242092456,0.774161829,0.18089725,2.6001765,0.10010321725,2.86528225
"skills[558]",1.1969330272575,1.10602,0.723940263761632,0.7610919687,0.15442745,2.4940935,0.08642416775,2.8264435
"skills[559]",1.2641166104925,1.18241,0.768420427826847,0.8108984331,0.15781645,2.6377125,0.08334488875,2.9342485
"skills[560]",1.325561773512,1.27378,0.753537682333448,0.8030888376,0.2011763,2.6342015,0.122249975,2.9109585
"skills[561]",1.25332464453425,1.180995,0.756807117234424,0.8031755697,0.1689522,2.595979,0.0923437565,2.919841
"skills[562]",1.15531166345875,1.047875,0.759247748034634,0.8066493015,0.112537,2.5492835,0.06028230375,2.83784075
"skills[563]",1.22359611174075,1.129015,0.779207582274093,0.810233487,0.13399395,2.6391395,0.06170711725,2.93893575
"skills[564]",1.20812712993575,1.125595,0.7519423078282,0.8081155929,0.1326354,2.5512085,0.07264685,2.86569725
"skills[565]",1.35662109859,1.31452,0.721819381026966,0.7514372775,0.2532443,2.616565,0.14765948,2.854446
"skills[566]",1.35779240846775,1.31173,0.735107073411235,0.7832257041,0.2364114,2.6213255,0.1417214775,2.913842
"skills[567]",1.2352140988725,1.17194,0.727225954616519,0.7660675743,0.1719242,2.542878,0.1108477,2.79192675
"skills[568]",1.3055399446875,1.200995,0.800810084337758,0.8512800093,0.176767,2.74306,0.0942730575,3.07646925
"skills[569]",1.2748998299175,1.19532,0.72443422247562,0.7740758382,0.20760105,2.5631585,0.1081143625,2.81328775
"skills[570]",1.364171479964,1.309115,0.744730442620377,0.7728593649,0.2209361,2.6573205,0.14882862,2.94409125
"skills[571]",1.2070273448225,1.141995,0.692621181732298,0.7193004399,0.1777483,2.4283935,0.10395028,2.67507675
"skills[572]",1.3660891845425,1.303125,0.773198323407274,0.8038864764,0.213595,2.7372155,0.1271152325,3.0600565
"skills[573]",1.2507363492025,1.17236,0.769079728702662,0.819151326,0.16376435,2.6502945,0.096991383,2.91002675
"skills[574]",1.25384513280425,1.17128,0.762674396920374,0.820537557,0.1862107,2.6057775,0.10654096,2.985054
"skills[575]",1.22018321761775,1.12769,0.746948456952942,0.7821411822,0.16980425,2.5728465,0.094495064,2.87676575
"skills[576]",1.27939963322702,1.217245,0.723901305688074,0.7565833821,0.1857131,2.5497705,0.095954063,2.835988
"skills[577]",1.23178724501125,1.13189,0.76156909522938,0.800618826,0.15002305,2.6075685,0.0755791165,2.93144175
"skills[578]",1.3046284308275,1.20609,0.81564053222857,0.8579872917,0.1566503,2.802325,0.09309193725,3.0882005
"skills[579]",1.3076866475025,1.20108,0.795646264961682,0.8280143088,0.17615455,2.7624135,0.108422405,3.04195425
"skills[580]",1.29354507471,1.212385,0.778681031825689,0.8165308305,0.1464635,2.6815655,0.08214018625,2.968473
"skills[581]",1.300564999125,1.21552,0.808567651483952,0.8528100525,0.15399475,2.763366,0.088362301,3.1125025
"skills[582]",1.2981009517625,1.222205,0.826500026380579,0.8636856648,0.14634595,2.8120015,0.08406194075,3.14228275
"skills[583]",1.25293381709,1.156635,0.774677840823904,0.819759192,0.17272135,2.684923,0.09808187925,2.94448825
"skills[584]",1.27730913433975,1.17154,0.813485006219484,0.843851442,0.15365145,2.764699,0.0849889665,3.09957125
"skills[585]",1.406547102615,1.363395,0.738906903922963,0.7815481422,0.26742805,2.7016435,0.1631305875,2.94756775
"skills[586]",1.32629515695,1.24655,0.769993445393731,0.7996366035,0.18247605,2.7307965,0.107385705,2.995458
"skills[587]",1.288285120555,1.221415,0.784403821614769,0.8339721369,0.1754721,2.709623,0.10612883,2.99209625
"skills[588]",1.14147088198,1.070435,0.702187857862689,0.7227934455,0.15628005,2.439061,0.0915142125,2.7499155
"skills[589]",1.3396607723625,1.282835,0.795154147923216,0.8542177812,0.1671897,2.761611,0.08808438675,3.05859225
"skills[590]",1.37298484641125,1.306305,0.793047683833456,0.8175338094,0.2052483,2.814775,0.1097089275,3.09176225
"skills[591]",1.18798516425,1.086035,0.76667818880833,0.8107464666,0.1390818,2.602432,0.07593863525,2.886144
"skills[592]",1.3003149183,1.241275,0.761853577298478,0.8015573118,0.17571655,2.6769575,0.104072625,2.935425
"skills[593]",1.31305585254075,1.24863,0.733456246118862,0.7836534342,0.22012695,2.6040155,0.117955925,2.85127775
"skills[594]",1.35216663142,1.27538,0.749530864221848,0.7973622951,0.2200413,2.680932,0.13493198,2.93688475
"skills[595]",1.315139798875,1.23937,0.768332422426314,0.7927714242,0.17210215,2.6983205,0.09479434875,2.954142
"skills[596]",1.2977299697925,1.242975,0.750486105332929,0.8018553144,0.1898549,2.634253,0.1099653125,2.91963275
"skills[597]",1.4581029663625,1.412475,0.800252471140709,0.844185027,0.22774645,2.8665215,0.1277957175,3.1253195
"skills[598]",1.4889628350525,1.45938,0.775935050260591,0.8014320321,0.2760366,2.8192175,0.175191845,3.143558
"skills[599]",1.2674600448945,1.186165,0.760521170240203,0.8021473866,0.1764232,2.6070685,0.1055604325,2.8842145
"skills[600]",1.389778739621,1.329225,0.735359589557623,0.788276181,0.2591168,2.6794725,0.1567720025,2.95255875
"skills[601]",1.29883739015565,1.20482,0.791681252030463,0.8424904152,0.1646893,2.755962,0.095613018,2.983935
"skills[602]",1.3038928380615,1.21487,0.760515022587286,0.7970798598,0.2197713,2.673763,0.13240064,2.935018
"skills[603]",1.2994614739675,1.257,0.73601757121432,0.7834740396,0.18195945,2.564117,0.0989520195,2.842055
"skills[604]",1.4658838061775,1.42909,0.731962749283725,0.7563543204,0.32919105,2.743451,0.2116762075,2.992081
"skills[605]",1.37670196086975,1.330345,0.728896310160863,0.7667540181,0.24330355,2.6261745,0.13365662,2.88103125
"skills[606]",1.2669810239495,1.154065,0.796964282859653,0.823265541,0.1580577,2.705945,0.08649944,3.041612
"skills[607]",1.413584933655,1.361105,0.74606250813307,0.7865000262,0.2909073,2.755044,0.180580275,3.00791175
"skills[608]",1.35082905061025,1.28134,0.746035228676355,0.769365618,0.25098605,2.651463,0.1377050025,2.942203
"skills[609]",1.32955855247,1.264905,0.75559746940965,0.7925119692,0.22352485,2.686397,0.1484949025,2.9619575
"skills[610]",1.1662643814485,1.095635,0.721035614064508,0.7465172694,0.13316175,2.484124,0.071012486,2.80926425
"skills[611]",1.2538295412925,1.196595,0.752834480222048,0.7936973079,0.17294285,2.617323,0.10148727475,2.96606775
"skills[612]",1.32761994395,1.264935,0.742533451987972,0.7891486911,0.2205326,2.651437,0.140468355,2.890038
"skills[613]",1.141336606775,1.06979,0.700726032302542,0.7446825519,0.14087795,2.418548,0.090724601,2.64391825
"skills[614]",1.1482946428125,1.06485,0.716487034803047,0.7641335226,0.13902505,2.475024,0.07458167875,2.71759225
"skills[615]",1.25026767574175,1.141595,0.78430860658629,0.8244968403,0.14352205,2.668322,0.08315121875,2.95131875
"skills[616]",1.2321820204825,1.178945,0.68501489420247,0.7229817357,0.2005648,2.39873,0.1226605275,2.682002
"skills[617]",1.324783260856,1.269325,0.746896882205513,0.7935119829,0.2396772,2.6842865,0.1473676725,2.9491775
"skills[618]",1.2699342579865,1.185235,0.80136998036636,0.835422861,0.1323104,2.7143525,0.06824687175,3.057716
"skills[619]",1.323788366865,1.288925,0.71264472934085,0.744546894,0.22597165,2.5785175,0.13163566,2.8255335
"skills[620]",1.46800857752,1.4213,0.758189810827321,0.796838196,0.2974134,2.790475,0.1866224375,3.02623025
"skills[621]",1.179805082055,1.09496,0.714332237407378,0.7453712196,0.16266635,2.4818595,0.0992527095,2.744546
"skills[622]",1.363500259575,1.29559,0.793484080238516,0.8379188181,0.21242615,2.7893475,0.13264495,3.12978875
"skills[623]",1.263093938635,1.22112,0.733764109983672,0.7793146053,0.17403525,2.5671635,0.0909758425,2.84560575
"skills[624]",1.2144264074835,1.13371,0.753062556646987,0.7929130125,0.15117915,2.5331005,0.086404392,2.85531925
"skills[625]",1.5609190014,1.51473,0.774695711443089,0.8043727692,0.3571558,2.918402,0.2426125875,3.16358525
"skills[626]",1.3082319384055,1.23467,0.783179400517844,0.8225961471,0.1919292,2.756384,0.11384978,3.028192
"skills[627]",1.2587606904625,1.17741,0.79639224727806,0.841234653,0.1369804,2.715619,0.0731968865,3.015014
"skills[628]",1.36121123364125,1.29216,0.761156382569952,0.7888684797,0.22496065,2.7355525,0.133535415,2.9707255
"skills[629]",1.224983975435,1.14695,0.741218381608701,0.7793679789,0.16543685,2.5602235,0.097222115,2.8600645
"skills[630]",1.4131081743775,1.347655,0.835369039675367,0.8755753755,0.20033525,2.9253525,0.1054340225,3.25497375
"skills[631]",1.4904347663725,1.450105,0.761290878123624,0.802264512,0.32129115,2.827018,0.2187800125,3.0648455
"skills[632]",1.2642898449915,1.16826,0.787808274803086,0.8430412011,0.1568,2.6898485,0.081406689,3.022765
"skills[633]",1.1963136023575,1.11277,0.752475816425509,0.8020265547,0.1470682,2.575607,0.08519526425,2.87336275
"skills[634]",1.2427106173295,1.18543,0.743720175598399,0.795792963,0.1478698,2.557941,0.07764889225,2.86512575
"skills[635]",1.0755255839245,1.00587,0.65185183953535,0.6991511646,0.13459325,2.2265425,0.06767121625,2.450479
"skills[636]",1.3664468994,1.282235,0.790683171632418,0.8303427321,0.23316915,2.783331,0.1514256725,3.04699625
"skills[637]",1.25238772126,1.16051,0.791065869986702,0.8301803874,0.1640736,2.7321915,0.1010058775,3.05556325
"skills[638]",1.2225330876425,1.15423,0.706883334334367,0.7263153618,0.20403575,2.506827,0.1250916575,2.766679
"skills[639]",1.3464297818925,1.279565,0.743985239858086,0.7845637506,0.2229269,2.6435045,0.14343792,2.89782625
"skills[640]",1.25345079334625,1.18502,0.731967773475668,0.7606049346,0.1839566,2.5813955,0.1083097975,2.86693975
"skills[641]",1.07535971417,0.991271,0.68145332833605,0.7011571224,0.13731255,2.3410515,0.0808848535,2.61660575
"skills[642]",1.3889027546675,1.34834,0.742173033825373,0.7971910548,0.24702975,2.69816,0.160304955,2.931997
"skills[643]",1.44960786257075,1.398415,0.796211620937401,0.8318483124,0.24399425,2.849203,0.1630289575,3.230936
"skills[644]",1.198551106104,1.109705,0.760019270537876,0.7905831066,0.14079145,2.5751745,0.0834358165,2.9040935
"skills[645]",1.31241811593,1.25462,0.744942515098786,0.764717667,0.2144772,2.6781855,0.13518075,2.91388125
"skills[646]",1.29433982465085,1.217085,0.7706319296798,0.8123847396,0.1601191,2.6923555,0.09000977825,2.92831125
"skills[647]",1.373721590875,1.301645,0.790214426222165,0.837290937,0.20999275,2.8015955,0.1314160275,3.06487475
"skills[648]",1.4563598760625,1.429525,0.748927001681638,0.8077152909,0.28729775,2.751403,0.1743595875,3.01112875
"skills[649]",1.3138745864025,1.231935,0.796115621604873,0.8467625271,0.15011385,2.743369,0.09084500075,3.00458025
"skills[650]",1.2061984829525,1.099935,0.768029851747071,0.7974935052,0.14688645,2.5936365,0.076814293,2.921484
"skills[651]",1.26134687463225,1.168335,0.767037535059846,0.814592331,0.16156655,2.6244305,0.08726691475,2.9360465
"skills[652]",1.4052722043025,1.350775,0.76508384211546,0.783494796,0.2576426,2.769691,0.1495874075,3.0430465
"skills[653]",1.24439590434075,1.18237,0.748210728757415,0.7880300694,0.15139365,2.585427,0.0836599705,2.88057725
"skills[654]",1.3624443417,1.31535,0.726823235458489,0.752137806,0.2542132,2.659277,0.1556369,2.90475475
"skills[655]",1.4169184735825,1.37137,0.748572115947395,0.7770099036,0.2718661,2.720261,0.15578294,2.98593525
"skills[656]",1.1927943854325,1.12008,0.73470531452716,0.7817245716,0.14458635,2.492489,0.08469708825,2.791762
"skills[657]",1.3047673961425,1.232225,0.76190920917201,0.7848046731,0.15735935,2.6500545,0.0689490525,2.9656645
"skills[658]",1.299221258525,1.22026,0.786476995761269,0.8310039717,0.16162635,2.710649,0.093859894,3.039964
"skills[659]",1.37682860277825,1.31463,0.788810297148141,0.836245704,0.1921242,2.782361,0.1269401975,3.080799
"skills[660]",1.241763040383,1.145585,0.762510209949613,0.8000383881,0.16397825,2.563112,0.0949040725,2.87128775
"skills[661]",1.30775785279625,1.235935,0.795039279946646,0.847884114,0.16511705,2.7052155,0.09484174725,3.02175425
"skills[662]",1.233188228533,1.15224,0.763132351381284,0.8266525407,0.1658206,2.5977405,0.087743513,2.91088575
"skills[663]",1.2782682042305,1.202855,0.784135661365788,0.8370752187,0.15465675,2.6845725,0.078708173,3.01026675
"skills[664]",1.34918310725825,1.28878,0.746870832021267,0.7705012896,0.21853285,2.6880685,0.119659985,2.97071375
"skills[665]",1.2763909076725,1.18693,0.765463322906535,0.784577094,0.16730815,2.6858485,0.09044567275,2.9713075
"skills[666]",1.309479322305,1.23942,0.731330399754549,0.788802504,0.2310849,2.604354,0.1317087075,2.8646475
"skills[667]",1.26473212725075,1.19928,0.737215873908146,0.7622298642,0.1726993,2.579315,0.104345855,2.8790055
"skills[668]",1.2869833603115,1.194335,0.781783964181257,0.818891871,0.1617199,2.6900005,0.09184590775,2.9586005
"skills[669]",1.22038516209275,1.1091,0.770124820820963,0.8134166292,0.1549132,2.6255435,0.08676600575,2.87521975
"skills[670]",1.283436429745,1.192035,0.794212897870221,0.8493615249,0.16579805,2.7320975,0.09183358775,3.069731
"skills[671]",1.525670809065,1.476905,0.806464735962549,0.84975219,0.3011291,2.946624,0.184089265,3.1853665
"skills[672]",1.297160740815,1.21914,0.798600282381558,0.8419448184,0.15054035,2.7322075,0.08427417875,3.0454
"skills[673]",1.2247182910395,1.136285,0.760493640738075,0.8036240562,0.15296655,2.582124,0.09103339975,2.878562
"skills[674]",1.48920369277425,1.44681,0.768772130289388,0.8141356902,0.28797745,2.7936185,0.17044352,3.054928
"skills[675]",1.181641028445,1.107675,0.723146527191948,0.7663492683,0.1518677,2.485648,0.09412578425,2.7729085
"skills[676]",1.30147857947575,1.230505,0.763197791059106,0.8016685068,0.1921479,2.6922955,0.1202448225,2.991073
"skills[677]",1.3824067982205,1.34761,0.75376086976101,0.806267532,0.22797275,2.6660325,0.1301124825,2.959558
"skills[678]",1.3878060067625,1.33641,0.743380415314226,0.7778023533,0.24631475,2.681492,0.1391623225,2.971944
"skills[679]",1.467709188605,1.413525,0.781712752285632,0.8360062641,0.28598125,2.870168,0.1963760575,3.13392525
"skills[680]",1.4166657360945,1.37531,0.763336277110221,0.8195849865,0.26370185,2.724613,0.1500147025,3.00362725
"skills[681]",1.16987219677,1.081725,0.746628933240967,0.782241999,0.12785235,2.5470525,0.07663815575,2.8413975
"skills[682]",1.31734053577325,1.252125,0.740443755081508,0.778965453,0.2095397,2.6270375,0.1292276025,2.92425425
"skills[683]",1.2949060071205,1.18149,0.814711929704103,0.8654521827,0.1681706,2.769925,0.09214621025,3.0874635
"skills[684]",1.21704124725075,1.135315,0.739848569976631,0.7880708409,0.1599163,2.527815,0.08677227775,2.8230385
"skills[685]",1.4156625681025,1.361655,0.778076889701812,0.8081192994,0.24076135,2.775852,0.1421134725,3.05099025
"skills[686]",1.491360002915,1.449555,0.77325482035985,0.8158214064,0.30112095,2.818446,0.1889774925,3.07480025
"skills[687]",1.3036888992,1.20947,0.794594770717582,0.834221955,0.15812445,2.7801385,0.0840681295,3.02676475
"skills[688]",1.30177909900475,1.20679,0.793322567851023,0.835126341,0.1889578,2.7412545,0.1022646,3.022186
"skills[689]",1.30449720644,1.24844,0.769409631975524,0.8216413527,0.178952,2.635442,0.1026239275,2.9611
"skills[690]",1.2074317696825,1.10614,0.7399344461696,0.7741974114,0.1536003,2.545193,0.09267590075,2.80314625
"skills[691]",1.2522900754175,1.1707,0.793725239788934,0.8323160727,0.1333832,2.6851205,0.07494000575,3.03896475
"skills[692]",1.352724266355,1.27577,0.814053892528432,0.8345473857,0.1806956,2.8313395,0.0973835915,3.15058025
"skills[693]",1.3224821796935,1.267565,0.774413745254892,0.8133313797,0.17355445,2.717177,0.092948709,3.0002555
"skills[694]",1.3211988074925,1.266295,0.745697721158469,0.7743367758,0.2137442,2.640854,0.1257569525,2.90063825
"skills[695]",1.21959207776,1.145455,0.733934127570382,0.7676183739,0.17063255,2.5449925,0.09587927875,2.83052225
"skills[696]",1.29783184877,1.206495,0.798880247128155,0.8467009992,0.1681236,2.749535,0.09958045825,3.0439195
"skills[697]",1.216196857555,1.117035,0.745300143310485,0.787594185,0.1678236,2.576184,0.09421347425,2.861246
"skills[698]",1.23314358175425,1.151545,0.76053013869061,0.7930049337,0.16403085,2.636811,0.1023047075,2.9496095
"skills[699]",1.211206149955,1.15164,0.729410134982783,0.7863769704,0.16483585,2.490764,0.091353562,2.8456845
"skills[700]",1.29144711498975,1.20257,0.788736290431325,0.8314309605,0.1611442,2.726281,0.09408592675,3.048296
"skills[701]",1.2597447221325,1.155985,0.804757251005808,0.8512073619,0.14701215,2.769481,0.086027062,3.0619095
"skills[702]",1.312545767625,1.23528,0.786371181290253,0.8399232933,0.17883375,2.739012,0.1091550825,3.00046175
"skills[703]",1.2588409073675,1.176865,0.777299797724093,0.8178436728,0.13614185,2.6400115,0.08303537525,2.91860625
"skills[704]",1.431263184695,1.377375,0.80459567208734,0.8572215288,0.2160969,2.8350785,0.1385578725,3.13516575
"skills[705]",1.274401375352,1.19473,0.754677629295575,0.7745591658,0.16867165,2.65086,0.10174362,2.9548995
"skills[706]",1.26405279471,1.172035,0.784668727720558,0.8390656092,0.1625219,2.6832205,0.1037445425,3.03145225
"skills[707]",1.2857511434125,1.20609,0.774970064420179,0.8351374605,0.1777165,2.6412515,0.1141701775,3.05471125
"skills[708]",1.283480801725,1.20676,0.791576582121298,0.8492458821,0.1420735,2.719975,0.087702228,2.95785475
"skills[709]",1.2895159005085,1.208575,0.74491974987455,0.784376943,0.20668315,2.667398,0.1242363975,2.87578425
"skills[710]",1.3427366057075,1.270405,0.806965924056797,0.859300134,0.1826515,2.790324,0.1057235375,3.09653325
"skills[711]",1.26249155915675,1.17401,0.77324079807327,0.795867093,0.1651443,2.6523005,0.08206802425,2.97845
"skills[712]",1.33725519956475,1.246565,0.787668513496325,0.8438625615,0.19519955,2.780096,0.1136648275,3.04787225
"skills[713]",1.226600326055,1.14533,0.766430836217466,0.8090689047,0.14052315,2.649514,0.08012317375,2.910492
"skills[714]",1.2044166386045,1.11691,0.756786621695234,0.8075181051,0.1342727,2.5691645,0.077803953,2.877843
"skills[715]",1.23451355512075,1.13852,0.775701263628006,0.7950850215,0.12884225,2.6757595,0.0562218605,2.9563365
"skills[716]",1.43454643202025,1.373275,0.814642972228985,0.8619806748,0.19569015,2.85634,0.11837829,3.195952
"skills[717]",1.29137190885975,1.20219,0.806138411628887,0.8487936891,0.1541045,2.74843,0.08304742775,3.104396
"skills[718]",1.26695939467,1.19355,0.771103156692231,0.8354317566,0.15455705,2.639418,0.08925411325,2.94097075
"skills[719]",1.30273634686425,1.23375,0.791731744118672,0.827424234,0.16066755,2.6986915,0.09095514725,3.10051375
"skills[720]",1.2911711028725,1.218425,0.782715879428823,0.8084936559,0.1574429,2.6721665,0.09285477125,3.03386125
"skills[721]",1.25400747123575,1.165365,0.782945862908104,0.8234960853,0.1309054,2.652424,0.068595771,2.95701125
"skills[722]",1.2834176074065,1.20572,0.778715697149586,0.834496236,0.1615812,2.6732725,0.09203324525,2.94474
"skills[723]",1.26269409699882,1.1651,0.796434471132517,0.8408877246,0.1577486,2.738675,0.09197404775,3.01596525
"skills[724]",1.33952657350525,1.24737,0.798752504547927,0.8516432463,0.20029115,2.7825825,0.1189533875,3.10809175
"skills[725]",1.27643761510525,1.19486,0.784934529245477,0.8285665773,0.16408795,2.7194875,0.09093229075,3.02258725
"skills[726]",1.28121122565,1.1787,0.791281585406595,0.826223328,0.16415485,2.7097445,0.09201313275,3.02749675
"skills[727]",1.2798450254225,1.208775,0.77094798712016,0.8282255793,0.1744765,2.6354695,0.09482896625,2.944881
"skills[728]",1.2484728539125,1.163315,0.784213743472016,0.8175849591,0.14998265,2.68071,0.08419557775,2.9828695
"skills[729]",1.251336794781,1.161045,0.784109041269041,0.8190490266,0.1668868,2.6923175,0.09316463375,2.99595575
"skills[730]",1.3541904765045,1.277775,0.794714459747976,0.841775802,0.2007932,2.7835505,0.1113798475,3.1057225
"skills[731]",1.2897470752075,1.215625,0.780376565685094,0.8443525608,0.16692625,2.6934875,0.09334934525,3.0050905
"skills[732]",1.29809537174,1.221385,0.772385229754864,0.808343172,0.18382975,2.6789595,0.10812304,2.99681025
"skills[733]",7.9846675659145e-05,6.64442e-05,6.06798372857008e-05,5.726883498e-05,6.2463505e-06,0.0001966446,3.411652825e-06,0.0002261752
